claim_id,policy_id,customer_id,claim_date,claim_amount,claim_type,status
CLM00001,POL00001,CUST00001,2022-08-13,14882.4,Vandalism,Approved
CLM00002,POL00002,CUST00002,2023-12-29,19622.09,Vandalism,Rejected
CLM00003,POL00003,CUST00003,2022-01-11,17038.31,Theft,Pending
CLM00004,POL00004,CUST00004,2022-05-08,8926.68,Theft,Pending
CLM00005,POL00005,CUST00005,2022-12-10,8629.83,Vandalism,Approved
CLM00006,POL00006,CUST00006,2023-09-11,2991.62,Vandalism,Approved
CLM00007,POL00007,CUST00007,2022-08-10,5887.93,Collision,Approved
CLM00008,POL00008,CUST00008,2023-04-01,10898.85,Collision,Approved
CLM00009,POL00009,CUST00009,2022-05-20,15377.08,Collision,Pending
CLM00010,POL00010,CUST00010,2023-03-11,1249.18,Fire,Approved
CLM00011,POL00011,CUST00011,2023-01-21,9092.14,Theft,Rejected
CLM00012,POL00012,CUST00012,2022-06-04,19922.51,Collision,Pending
CLM00013,POL00013,CUST00013,2022-02-03,475.64,Vandalism,Rejected
CLM00014,POL00014,CUST00014,2022-06-17,3605.6,Vandalism,Pending
CLM00015,POL00015,CUST00015,2023-05-01,15863.14,Theft,Rejected
CLM00016,POL00016,CUST00016,2022-01-23,13261.51,Vandalism,Rejected
CLM00017,POL00017,CUST00017,2023-05-15,17637.97,Fire,Pending
CLM00018,POL00018,CUST00018,2022-04-09,11644.35,Vandalism,Approved
CLM00019,POL00019,CUST00019,2023-10-08,11612.63,Fire,Approved
CLM00020,POL00020,CUST00020,2022-07-04,1000.55,Vandalism,Approved
CLM00021,POL00021,CUST00021,2023-01-06,12695.67,Collision,Rejected
CLM00022,POL00022,CUST00022,2023-05-13,18966.32,Fire,Approved
CLM00023,POL00023,CUST00023,2022-11-24,10321.75,Fire,Pending
CLM00024,POL00024,CUST00024,2022-12-08,14802.61,Vandalism,Pending
CLM00025,POL00025,CUST00025,2023-03-03,18685.45,Fire,Rejected
CLM00026,POL00026,CUST00026,2023-08-31,4377.29,Fire,Rejected
CLM00027,POL00027,CUST00027,2023-01-27,19645.84,Vandalism,Pending
CLM00028,POL00028,CUST00028,2023-05-06,18775.63,Collision,Pending
CLM00029,POL00029,CUST00029,2023-10-29,1261.43,Vandalism,Rejected
CLM00030,POL00030,CUST00030,2022-04-02,8216.27,Fire,Rejected
CLM00031,POL00031,CUST00031,2023-01-17,8689.49,Fire,Approved
CLM00032,POL00032,CUST00032,2023-02-06,3521.47,Theft,Pending
CLM00033,POL00033,CUST00033,2023-12-22,10688.24,Fire,Pending
CLM00034,POL00034,CUST00034,2023-04-08,14920.09,Vandalism,Pending
CLM00035,POL00035,CUST00035,2022-11-10,12816.21,Fire,Approved
CLM00036,POL00036,CUST00036,2023-01-21,3580.07,Collision,Pending
CLM00037,POL00037,CUST00037,2023-12-24,11443.66,Collision,Rejected
CLM00038,POL00038,CUST00038,2023-02-11,10569.61,Collision,Pending
CLM00039,POL00039,CUST00039,2023-03-11,7973.9,Fire,Approved
CLM00040,POL00040,CUST00040,2023-10-07,16241.41,Collision,Rejected
CLM00041,POL00041,CUST00041,2023-11-24,9825.0,Fire,Pending
CLM00042,POL00042,CUST00042,2022-03-05,2483.76,Vandalism,Approved
CLM00043,POL00043,CUST00043,2022-12-17,5197.51,Collision,Rejected
CLM00044,POL00044,CUST00044,2022-12-08,12279.3,Collision,Rejected
CLM00045,POL00045,CUST00045,2022-04-30,9887.52,Fire,Pending
CLM00046,POL00046,CUST00046,2022-02-18,5561.83,Theft,Pending
CLM00047,POL00047,CUST00047,2022-02-28,2243.05,Collision,Pending
CLM00048,POL00048,CUST00048,2023-08-17,8863.72,Vandalism,Approved
CLM00049,POL00049,CUST00049,2023-09-20,1279.98,Fire,Approved
CLM00050,POL00050,CUST00050,2022-03-15,10848.32,Collision,Rejected
CLM00051,POL00051,CUST00051,2023-01-07,10734.51,Collision,Approved
CLM00052,POL00052,CUST00052,2022-07-11,4765.61,Vandalism,Approved
CLM00053,POL00053,CUST00053,2022-08-25,3349.7,Theft,Rejected
CLM00054,POL00054,CUST00054,2022-01-03,19341.2,Fire,Approved
CLM00055,POL00055,CUST00055,2022-09-08,13095.4,Theft,Approved
CLM00056,POL00056,CUST00056,2023-06-01,16052.73,Vandalism,Approved
CLM00057,POL00057,CUST00057,2023-11-03,13114.24,Theft,Pending
CLM00058,POL00058,CUST00058,2023-12-01,13348.63,Theft,Approved
CLM00059,POL00059,CUST00059,2023-08-07,19940.44,Collision,Rejected
CLM00060,POL00060,CUST00060,2022-01-26,3193.94,Theft,Rejected
CLM00061,POL00061,CUST00061,2023-09-28,18882.31,Theft,Approved
CLM00062,POL00062,CUST00062,2023-03-31,16456.68,Vandalism,Approved
CLM00063,POL00063,CUST00063,2023-09-09,18564.24,Fire,Approved
CLM00064,POL00064,CUST00064,2023-03-19,14280.2,Vandalism,Approved
CLM00065,POL00065,CUST00065,2023-04-08,10622.71,Theft,Rejected
CLM00066,POL00066,CUST00066,2023-10-22,5982.48,Theft,Pending
CLM00067,POL00067,CUST00067,2023-03-22,869.83,Theft,Approved
CLM00068,POL00068,CUST00068,2022-08-15,16644.76,Theft,Approved
CLM00069,POL00069,CUST00069,2023-08-21,19597.59,Theft,Approved
CLM00070,POL00070,CUST00070,2023-08-29,8059.92,Fire,Approved
CLM00071,POL00071,CUST00071,2022-12-13,4741.31,Collision,Pending
CLM00072,POL00072,CUST00072,2022-07-03,16911.22,Vandalism,Pending
CLM00073,POL00073,CUST00073,2022-03-22,11917.1,Fire,Rejected
CLM00074,POL00074,CUST00074,2023-02-04,15084.79,Collision,Approved
CLM00075,POL00075,CUST00075,2022-03-09,14258.72,Theft,Rejected
CLM00076,POL00076,CUST00076,2023-07-27,4156.75,Vandalism,Pending
CLM00077,POL00077,CUST00077,2022-09-22,7086.26,Collision,Pending
CLM00078,POL00078,CUST00078,2023-10-10,14241.28,Theft,Rejected
CLM00079,POL00079,CUST00079,2022-05-07,11819.38,Theft,Approved
CLM00080,POL00080,CUST00080,2023-10-05,9338.7,Theft,Rejected
CLM00081,POL00081,CUST00081,2023-01-12,1866.19,Theft,Pending
CLM00082,POL00082,CUST00082,2023-10-03,9049.52,Fire,Pending
CLM00083,POL00083,CUST00083,2023-02-23,2141.64,Theft,Approved
CLM00084,POL00084,CUST00084,2022-04-01,17269.78,Fire,Approved
CLM00085,POL00085,CUST00085,2023-01-15,15925.74,Fire,Rejected
CLM00086,POL00086,CUST00086,2023-04-14,809.65,Fire,Rejected
CLM00087,POL00087,CUST00087,2023-07-10,10945.17,Fire,Approved
CLM00088,POL00088,CUST00088,2023-02-02,10678.21,Collision,Rejected
CLM00089,POL00089,CUST00089,2023-06-01,2348.52,Fire,Pending
CLM00090,POL00090,CUST00090,2022-11-16,19958.92,Vandalism,Approved
CLM00091,POL00091,CUST00091,2023-04-06,4620.22,Vandalism,Pending
CLM00092,POL00092,CUST00092,2022-07-12,289.71,Vandalism,Rejected
CLM00093,POL00093,CUST00093,2023-12-21,4181.69,Collision,Pending
CLM00094,POL00094,CUST00094,2023-05-22,9405.67,Collision,Pending
CLM00095,POL00095,CUST00095,2023-09-02,14788.51,Collision,Approved
CLM00096,POL00096,CUST00096,2023-03-22,7097.92,Theft,Pending
CLM00097,POL00097,CUST00097,2023-01-11,18645.21,Collision,Approved
CLM00098,POL00098,CUST00098,2022-04-30,7802.15,Theft,Pending
CLM00099,POL00099,CUST00099,2023-07-11,10968.43,Collision,Rejected
CLM00100,POL00100,CUST00100,2023-03-31,18863.7,Fire,Pending
CLM00101,POL00101,CUST00101,2023-07-02,5378.87,Theft,Rejected
CLM00102,POL00102,CUST00102,2023-11-09,4449.5,Fire,Approved
CLM00103,POL00103,CUST00103,2022-08-16,12332.99,Vandalism,Approved
CLM00104,POL00104,CUST00104,2023-01-03,3116.48,Theft,Rejected
CLM00105,POL00105,CUST00105,2022-09-25,4127.87,Collision,Pending
CLM00106,POL00106,CUST00106,2022-11-18,10768.11,Theft,Approved
CLM00107,POL00107,CUST00107,2022-01-27,15625.21,Theft,Approved
CLM00108,POL00108,CUST00108,2023-05-24,14317.95,Collision,Pending
CLM00109,POL00109,CUST00109,2023-12-02,9057.39,Fire,Approved
CLM00110,POL00110,CUST00110,2022-09-27,3379.65,Vandalism,Pending
CLM00111,POL00111,CUST00111,2022-08-11,4280.52,Theft,Pending
CLM00112,POL00112,CUST00112,2023-08-03,18817.8,Collision,Pending
CLM00113,POL00113,CUST00113,2022-11-03,18592.43,Vandalism,Approved
CLM00114,POL00114,CUST00114,2023-12-29,15442.62,Vandalism,Rejected
CLM00115,POL00115,CUST00115,2022-02-25,8449.12,Theft,Approved
CLM00116,POL00116,CUST00116,2022-08-31,4369.66,Collision,Pending
CLM00117,POL00117,CUST00117,2023-05-02,4215.75,Fire,Rejected
CLM00118,POL00118,CUST00118,2023-01-26,1723.1,Vandalism,Rejected
CLM00119,POL00119,CUST00119,2023-06-05,16187.54,Collision,Rejected
CLM00120,POL00120,CUST00120,2023-04-28,1727.35,Collision,Rejected
CLM00121,POL00121,CUST00121,2022-01-18,13546.25,Theft,Pending
CLM00122,POL00122,CUST00122,2023-10-27,2870.64,Theft,Rejected
CLM00123,POL00123,CUST00123,2023-08-16,15706.31,Fire,Approved
CLM00124,POL00124,CUST00124,2022-11-14,16028.17,Theft,Approved
CLM00125,POL00125,CUST00125,2023-02-09,5849.14,Fire,Pending
CLM00126,POL00126,CUST00126,2022-09-17,12957.49,Fire,Approved
CLM00127,POL00127,CUST00127,2022-03-16,9298.63,Collision,Pending
CLM00128,POL00128,CUST00128,2022-08-19,3711.64,Theft,Rejected
CLM00129,POL00129,CUST00129,2023-03-12,574.57,Theft,Pending
CLM00130,POL00130,CUST00130,2023-07-09,1587.83,Collision,Rejected
CLM00131,POL00131,CUST00131,2022-08-01,18770.32,Vandalism,Pending
CLM00132,POL00132,CUST00132,2023-10-26,12315.86,Fire,Pending
CLM00133,POL00133,CUST00133,2023-07-05,4891.94,Collision,Approved
CLM00134,POL00134,CUST00134,2022-10-22,6803.35,Collision,Rejected
CLM00135,POL00135,CUST00135,2023-09-06,15491.72,Collision,Rejected
CLM00136,POL00136,CUST00136,2022-05-01,11525.49,Theft,Rejected
CLM00137,POL00137,CUST00137,2023-06-26,19547.88,Vandalism,Approved
CLM00138,POL00138,CUST00138,2023-09-29,17749.0,Collision,Approved
CLM00139,POL00139,CUST00139,2023-12-21,10152.13,Theft,Approved
CLM00140,POL00140,CUST00140,2023-05-20,1305.0,Theft,Rejected
CLM00141,POL00141,CUST00141,2022-06-20,9808.29,Theft,Pending
CLM00142,POL00142,CUST00142,2022-07-01,15641.98,Theft,Approved
CLM00143,POL00143,CUST00143,2022-02-04,17303.73,Fire,Pending
CLM00144,POL00144,CUST00144,2022-05-27,15122.26,Collision,Pending
CLM00145,POL00145,CUST00145,2023-12-02,14395.11,Collision,Approved
CLM00146,POL00146,CUST00146,2023-03-16,18476.79,Vandalism,Rejected
CLM00147,POL00147,CUST00147,2023-10-23,2908.17,Theft,Rejected
CLM00148,POL00148,CUST00148,2023-10-15,15197.55,Collision,Rejected
CLM00149,POL00149,CUST00149,2023-08-18,3701.27,Fire,Rejected
CLM00150,POL00150,CUST00150,2022-01-10,3771.9,Collision,Pending
CLM00151,POL00151,CUST00151,2022-08-15,7457.47,Theft,Pending
CLM00152,POL00152,CUST00152,2022-04-07,4276.85,Vandalism,Approved
CLM00153,POL00153,CUST00153,2023-08-21,4497.61,Theft,Approved
CLM00154,POL00154,CUST00154,2022-07-30,10679.57,Vandalism,Approved
CLM00155,POL00155,CUST00155,2023-07-28,15250.32,Vandalism,Pending
CLM00156,POL00156,CUST00156,2022-09-30,7970.86,Collision,Approved
CLM00157,POL00157,CUST00157,2023-06-22,7035.01,Fire,Pending
CLM00158,POL00158,CUST00158,2022-11-12,3478.55,Vandalism,Pending
CLM00159,POL00159,CUST00159,2022-05-09,19577.92,Fire,Pending
CLM00160,POL00160,CUST00160,2023-11-04,2628.09,Theft,Pending
CLM00161,POL00161,CUST00161,2022-04-29,17790.64,Theft,Approved
CLM00162,POL00162,CUST00162,2022-08-28,7366.2,Fire,Approved
CLM00163,POL00163,CUST00163,2023-10-14,8800.24,Vandalism,Pending
CLM00164,POL00164,CUST00164,2022-09-12,17285.19,Collision,Approved
CLM00165,POL00165,CUST00165,2023-11-10,11706.88,Collision,Approved
CLM00166,POL00166,CUST00166,2022-05-18,8454.17,Fire,Approved
CLM00167,POL00167,CUST00167,2023-08-11,19132.81,Theft,Pending
CLM00168,POL00168,CUST00168,2022-04-25,3533.79,Fire,Pending
CLM00169,POL00169,CUST00169,2022-05-05,2595.52,Theft,Pending
CLM00170,POL00170,CUST00170,2022-05-06,3802.8,Collision,Rejected
CLM00171,POL00171,CUST00171,2023-12-11,4039.37,Vandalism,Approved
CLM00172,POL00172,CUST00172,2022-08-03,8480.99,Vandalism,Rejected
CLM00173,POL00173,CUST00173,2023-09-15,703.97,Fire,Rejected
CLM00174,POL00174,CUST00174,2023-03-24,13421.97,Theft,Rejected
CLM00175,POL00175,CUST00175,2022-03-11,10994.74,Vandalism,Rejected
CLM00176,POL00176,CUST00176,2022-04-10,12555.43,Fire,Pending
CLM00177,POL00177,CUST00177,2023-04-18,12858.85,Theft,Approved
CLM00178,POL00178,CUST00178,2022-09-12,9810.07,Fire,Rejected
CLM00179,POL00179,CUST00179,2022-02-27,13309.12,Vandalism,Rejected
CLM00180,POL00180,CUST00180,2023-10-11,17083.06,Fire,Pending
CLM00181,POL00181,CUST00181,2023-01-11,2833.69,Theft,Rejected
CLM00182,POL00182,CUST00182,2023-03-16,3866.99,Collision,Pending
CLM00183,POL00183,CUST00183,2023-09-27,19518.49,Collision,Rejected
CLM00184,POL00184,CUST00184,2022-03-01,12525.67,Vandalism,Approved
CLM00185,POL00185,CUST00185,2022-05-16,5734.48,Vandalism,Rejected
CLM00186,POL00186,CUST00186,2022-08-11,12117.93,Vandalism,Approved
CLM00187,POL00187,CUST00187,2022-06-06,6402.71,Collision,Approved
CLM00188,POL00188,CUST00188,2023-11-20,11385.48,Vandalism,Approved
CLM00189,POL00189,CUST00189,2022-09-06,1809.23,Collision,Approved
CLM00190,POL00190,CUST00190,2022-01-27,3652.87,Theft,Approved
CLM00191,POL00191,CUST00191,2023-06-11,2666.15,Theft,Rejected
CLM00192,POL00192,CUST00192,2023-02-03,9690.12,Collision,Rejected
CLM00193,POL00193,CUST00193,2022-11-24,10245.64,Fire,Pending
CLM00194,POL00194,CUST00194,2022-01-01,11725.16,Theft,Approved
CLM00195,POL00195,CUST00195,2022-01-11,11076.1,Vandalism,Approved
CLM00196,POL00196,CUST00196,2023-05-28,11843.52,Vandalism,Rejected
CLM00197,POL00197,CUST00197,2022-07-07,14730.45,Fire,Approved
CLM00198,POL00198,CUST00198,2023-08-09,12089.09,Theft,Pending
CLM00199,POL00199,CUST00199,2023-06-03,4853.12,Fire,Rejected
CLM00200,POL00200,CUST00200,2023-06-14,13181.66,Vandalism,Approved
CLM00201,POL00201,CUST00201,2022-09-04,8716.94,Vandalism,Approved
CLM00202,POL00202,CUST00202,2023-04-03,19849.81,Theft,Rejected
CLM00203,POL00203,CUST00203,2023-11-29,12224.01,Theft,Approved
CLM00204,POL00204,CUST00204,2023-07-25,18687.63,Fire,Approved
CLM00205,POL00205,CUST00205,2022-01-09,547.33,Fire,Rejected
CLM00206,POL00206,CUST00206,2022-01-20,7171.7,Fire,Approved
CLM00207,POL00207,CUST00207,2022-09-16,17389.16,Vandalism,Rejected
CLM00208,POL00208,CUST00208,2022-02-15,12535.98,Collision,Pending
CLM00209,POL00209,CUST00209,2023-12-26,7143.11,Fire,Approved
CLM00210,POL00210,CUST00210,2023-05-17,5060.53,Vandalism,Pending
CLM00211,POL00211,CUST00211,2023-09-26,6844.7,Theft,Rejected
CLM00212,POL00212,CUST00212,2023-07-28,13438.21,Collision,Pending
CLM00213,POL00213,CUST00213,2023-12-13,9102.4,Theft,Pending
CLM00214,POL00214,CUST00214,2022-10-14,12510.41,Theft,Rejected
CLM00215,POL00215,CUST00215,2023-10-07,19717.33,Fire,Pending
CLM00216,POL00216,CUST00216,2022-07-01,11521.72,Collision,Approved
CLM00217,POL00217,CUST00217,2022-12-29,14394.46,Theft,Rejected
CLM00218,POL00218,CUST00218,2023-04-12,7341.04,Fire,Approved
CLM00219,POL00219,CUST00219,2022-04-19,19946.24,Fire,Approved
CLM00220,POL00220,CUST00220,2022-06-06,609.51,Vandalism,Pending
CLM00221,POL00221,CUST00221,2022-05-15,4439.43,Vandalism,Approved
CLM00222,POL00222,CUST00222,2022-10-14,19494.71,Fire,Rejected
CLM00223,POL00223,CUST00223,2022-05-12,9937.06,Fire,Approved
CLM00224,POL00224,CUST00224,2022-01-16,2757.67,Theft,Approved
CLM00225,POL00225,CUST00225,2022-03-14,810.1,Collision,Rejected
CLM00226,POL00226,CUST00226,2023-12-03,4147.61,Vandalism,Pending
CLM00227,POL00227,CUST00227,2023-03-03,14542.03,Collision,Approved
CLM00228,POL00228,CUST00228,2023-10-20,11251.93,Vandalism,Approved
CLM00229,POL00229,CUST00229,2022-02-05,13370.69,Vandalism,Pending
CLM00230,POL00230,CUST00230,2022-11-01,3957.23,Theft,Approved
CLM00231,POL00231,CUST00231,2023-07-27,5925.12,Fire,Rejected
CLM00232,POL00232,CUST00232,2022-12-01,497.97,Fire,Approved
CLM00233,POL00233,CUST00233,2022-12-13,3070.04,Collision,Approved
CLM00234,POL00234,CUST00234,2022-05-18,3442.9,Vandalism,Approved
CLM00235,POL00235,CUST00235,2022-09-05,18731.16,Fire,Rejected
CLM00236,POL00236,CUST00236,2022-08-31,6503.32,Collision,Approved
CLM00237,POL00237,CUST00237,2022-04-06,8538.8,Theft,Rejected
CLM00238,POL00238,CUST00238,2023-08-16,14106.49,Fire,Rejected
CLM00239,POL00239,CUST00239,2023-03-21,9917.04,Fire,Pending
CLM00240,POL00240,CUST00240,2023-03-17,6317.02,Fire,Pending
CLM00241,POL00241,CUST00241,2022-05-31,12251.35,Theft,Approved
CLM00242,POL00242,CUST00242,2022-04-22,13101.45,Theft,Rejected
CLM00243,POL00243,CUST00243,2022-11-28,5515.22,Fire,Pending
CLM00244,POL00244,CUST00244,2022-10-08,14135.34,Fire,Rejected
CLM00245,POL00245,CUST00245,2022-03-17,17789.87,Vandalism,Rejected
CLM00246,POL00246,CUST00246,2023-06-28,7250.54,Vandalism,Rejected
CLM00247,POL00247,CUST00247,2023-03-24,7394.37,Theft,Pending
CLM00248,POL00248,CUST00248,2023-12-15,4088.94,Collision,Pending
CLM00249,POL00249,CUST00249,2023-09-17,8028.64,Fire,Rejected
CLM00250,POL00250,CUST00250,2023-10-29,6339.7,Fire,Rejected
CLM00251,POL00251,CUST00251,2023-06-01,6183.39,Fire,Rejected
CLM00252,POL00252,CUST00252,2022-07-11,10409.22,Vandalism,Pending
CLM00253,POL00253,CUST00253,2023-12-16,5537.48,Collision,Approved
CLM00254,POL00254,CUST00254,2023-07-14,796.8,Collision,Approved
CLM00255,POL00255,CUST00255,2023-10-02,15975.48,Theft,Pending
CLM00256,POL00256,CUST00256,2022-06-29,17892.58,Vandalism,Approved
CLM00257,POL00257,CUST00257,2023-12-06,5286.98,Fire,Rejected
CLM00258,POL00258,CUST00258,2022-09-17,5375.37,Theft,Pending
CLM00259,POL00259,CUST00259,2023-08-09,19052.26,Fire,Rejected
CLM00260,POL00260,CUST00260,2023-06-12,4403.62,Theft,Pending
CLM00261,POL00261,CUST00261,2023-02-06,1189.69,Theft,Pending
CLM00262,POL00262,CUST00262,2022-05-22,9434.7,Vandalism,Approved
CLM00263,POL00263,CUST00263,2023-12-01,13624.62,Theft,Rejected
CLM00264,POL00264,CUST00264,2023-01-30,664.03,Theft,Rejected
CLM00265,POL00265,CUST00265,2023-02-11,2776.35,Fire,Pending
CLM00266,POL00266,CUST00266,2023-08-15,1440.44,Collision,Pending
CLM00267,POL00267,CUST00267,2022-12-03,4309.95,Theft,Rejected
CLM00268,POL00268,CUST00268,2022-12-08,17104.9,Fire,Pending
CLM00269,POL00269,CUST00269,2022-02-04,5704.66,Fire,Approved
CLM00270,POL00270,CUST00270,2023-12-12,10402.62,Vandalism,Rejected
CLM00271,POL00271,CUST00271,2022-07-01,14484.61,Fire,Rejected
CLM00272,POL00272,CUST00272,2023-02-02,17252.95,Fire,Pending
CLM00273,POL00273,CUST00273,2023-08-12,2875.44,Theft,Approved
CLM00274,POL00274,CUST00274,2022-02-28,4247.49,Vandalism,Rejected
CLM00275,POL00275,CUST00275,2022-05-30,17479.3,Vandalism,Pending
CLM00276,POL00276,CUST00276,2023-09-07,5918.5,Vandalism,Approved
CLM00277,POL00277,CUST00277,2023-05-09,12246.38,Fire,Pending
CLM00278,POL00278,CUST00278,2023-02-02,7683.56,Collision,Pending
CLM00279,POL00279,CUST00279,2022-05-31,863.89,Vandalism,Approved
CLM00280,POL00280,CUST00280,2023-10-27,4293.32,Collision,Pending
CLM00281,POL00281,CUST00281,2023-10-08,10945.02,Vandalism,Rejected
CLM00282,POL00282,CUST00282,2023-03-29,1027.61,Theft,Approved
CLM00283,POL00283,CUST00283,2023-07-12,2571.69,Theft,Pending
CLM00284,POL00284,CUST00284,2023-02-01,3483.06,Vandalism,Approved
CLM00285,POL00285,CUST00285,2022-02-21,362.45,Fire,Pending
CLM00286,POL00286,CUST00286,2022-12-11,15905.95,Fire,Approved
CLM00287,POL00287,CUST00287,2022-10-21,6365.28,Theft,Rejected
CLM00288,POL00288,CUST00288,2023-09-06,9708.05,Fire,Approved
CLM00289,POL00289,CUST00289,2023-02-07,531.75,Theft,Approved
CLM00290,POL00290,CUST00290,2022-11-05,9925.64,Vandalism,Approved
CLM00291,POL00291,CUST00291,2023-09-25,5133.65,Collision,Pending
CLM00292,POL00292,CUST00292,2023-08-07,19470.61,Collision,Approved
CLM00293,POL00293,CUST00293,2022-05-28,14674.1,Theft,Rejected
CLM00294,POL00294,CUST00294,2022-10-20,16944.01,Theft,Pending
CLM00295,POL00295,CUST00295,2022-05-21,11314.33,Theft,Pending
CLM00296,POL00296,CUST00296,2022-03-19,17297.37,Theft,Pending
CLM00297,POL00297,CUST00297,2023-11-23,9628.24,Vandalism,Approved
CLM00298,POL00298,CUST00298,2023-02-05,19945.52,Collision,Pending
CLM00299,POL00299,CUST00299,2023-06-29,3467.71,Vandalism,Approved
CLM00300,POL00300,CUST00300,2022-01-02,17135.85,Collision,Rejected
CLM00301,POL00301,CUST00301,2023-01-11,9159.43,Vandalism,Approved
CLM00302,POL00302,CUST00302,2022-09-26,15744.2,Collision,Pending
CLM00303,POL00303,CUST00303,2022-08-02,6467.18,Theft,Rejected
CLM00304,POL00304,CUST00304,2023-03-05,17226.89,Vandalism,Rejected
CLM00305,POL00305,CUST00305,2022-03-09,15452.16,Collision,Rejected
CLM00306,POL00306,CUST00306,2022-10-25,719.59,Vandalism,Approved
CLM00307,POL00307,CUST00307,2023-03-07,13541.83,Fire,Rejected
CLM00308,POL00308,CUST00308,2023-07-10,15757.6,Theft,Pending
CLM00309,POL00309,CUST00309,2023-11-19,10382.74,Theft,Approved
CLM00310,POL00310,CUST00310,2023-02-22,6552.03,Vandalism,Approved
CLM00311,POL00311,CUST00311,2022-08-01,5798.63,Vandalism,Approved
CLM00312,POL00312,CUST00312,2022-10-08,2228.29,Vandalism,Approved
CLM00313,POL00313,CUST00313,2023-05-23,4167.58,Vandalism,Pending
CLM00314,POL00314,CUST00314,2022-12-01,8829.72,Fire,Pending
CLM00315,POL00315,CUST00315,2023-09-27,19660.99,Theft,Approved
CLM00316,POL00316,CUST00316,2022-05-05,110.97,Collision,Pending
CLM00317,POL00317,CUST00317,2023-04-23,15149.84,Vandalism,Rejected
CLM00318,POL00318,CUST00318,2022-09-02,4959.67,Collision,Pending
CLM00319,POL00319,CUST00319,2023-06-06,19902.43,Theft,Approved
CLM00320,POL00320,CUST00320,2023-06-02,4730.58,Fire,Approved
CLM00321,POL00321,CUST00321,2023-06-14,3258.62,Collision,Approved
CLM00322,POL00322,CUST00322,2022-01-02,7561.72,Fire,Approved
CLM00323,POL00323,CUST00323,2023-12-10,11890.16,Vandalism,Rejected
CLM00324,POL00324,CUST00324,2023-09-24,5608.67,Fire,Rejected
CLM00325,POL00325,CUST00325,2022-09-12,15309.13,Vandalism,Pending
CLM00326,POL00326,CUST00326,2023-06-25,11402.55,Fire,Approved
CLM00327,POL00327,CUST00327,2022-02-19,6291.47,Theft,Pending
CLM00328,POL00328,CUST00328,2022-03-08,6497.78,Vandalism,Approved
CLM00329,POL00329,CUST00329,2023-11-16,13059.92,Theft,Pending
CLM00330,POL00330,CUST00330,2022-12-01,10270.53,Theft,Rejected
CLM00331,POL00331,CUST00331,2022-01-15,4376.8,Vandalism,Pending
CLM00332,POL00332,CUST00332,2022-11-19,8371.72,Theft,Approved
CLM00333,POL00333,CUST00333,2023-09-04,6292.98,Theft,Approved
CLM00334,POL00334,CUST00334,2023-09-17,18398.26,Collision,Approved
CLM00335,POL00335,CUST00335,2023-04-22,10694.64,Vandalism,Pending
CLM00336,POL00336,CUST00336,2022-01-01,4302.95,Fire,Pending
CLM00337,POL00337,CUST00337,2023-07-25,13506.07,Vandalism,Pending
CLM00338,POL00338,CUST00338,2022-06-03,11105.87,Collision,Pending
CLM00339,POL00339,CUST00339,2022-03-20,1412.37,Fire,Pending
CLM00340,POL00340,CUST00340,2022-09-21,3696.12,Theft,Rejected
CLM00341,POL00341,CUST00341,2022-12-29,8850.56,Theft,Approved
CLM00342,POL00342,CUST00342,2022-01-04,12836.82,Fire,Approved
CLM00343,POL00343,CUST00343,2023-01-08,18914.91,Collision,Pending
CLM00344,POL00344,CUST00344,2022-04-28,10359.14,Collision,Rejected
CLM00345,POL00345,CUST00345,2022-12-15,18203.76,Collision,Approved
CLM00346,POL00346,CUST00346,2022-12-27,14398.33,Fire,Pending
CLM00347,POL00347,CUST00347,2022-06-26,9492.93,Vandalism,Rejected
CLM00348,POL00348,CUST00348,2022-03-12,10587.9,Theft,Rejected
CLM00349,POL00349,CUST00349,2023-10-21,7688.41,Collision,Rejected
CLM00350,POL00350,CUST00350,2022-09-02,1481.61,Vandalism,Approved
CLM00351,POL00351,CUST00351,2023-02-14,14592.35,Collision,Pending
CLM00352,POL00352,CUST00352,2023-11-08,3080.26,Fire,Pending
CLM00353,POL00353,CUST00353,2022-03-10,6589.39,Fire,Approved
CLM00354,POL00354,CUST00354,2023-11-30,14222.12,Vandalism,Pending
CLM00355,POL00355,CUST00355,2022-02-07,17100.6,Theft,Pending
CLM00356,POL00356,CUST00356,2022-05-14,17752.22,Fire,Rejected
CLM00357,POL00357,CUST00357,2022-12-05,14086.21,Vandalism,Rejected
CLM00358,POL00358,CUST00358,2022-07-30,3153.46,Theft,Approved
CLM00359,POL00359,CUST00359,2023-09-28,14980.94,Fire,Rejected
CLM00360,POL00360,CUST00360,2023-05-24,6588.59,Collision,Rejected
CLM00361,POL00361,CUST00361,2022-07-16,12936.22,Fire,Approved
CLM00362,POL00362,CUST00362,2023-02-05,14067.44,Collision,Approved
CLM00363,POL00363,CUST00363,2022-02-08,1320.54,Theft,Approved
CLM00364,POL00364,CUST00364,2023-04-01,12772.51,Vandalism,Pending
CLM00365,POL00365,CUST00365,2023-12-03,9904.94,Theft,Approved
CLM00366,POL00366,CUST00366,2023-02-12,1375.53,Collision,Rejected
CLM00367,POL00367,CUST00367,2023-02-13,4264.43,Collision,Approved
CLM00368,POL00368,CUST00368,2023-04-14,6421.61,Theft,Pending
CLM00369,POL00369,CUST00369,2023-06-28,8666.19,Fire,Approved
CLM00370,POL00370,CUST00370,2023-02-09,10617.1,Vandalism,Approved
CLM00371,POL00371,CUST00371,2023-11-23,6866.97,Theft,Approved
CLM00372,POL00372,CUST00372,2022-03-30,5568.11,Fire,Pending
CLM00373,POL00373,CUST00373,2022-11-14,9067.74,Theft,Approved
CLM00374,POL00374,CUST00374,2023-07-16,9937.61,Theft,Approved
CLM00375,POL00375,CUST00375,2023-03-13,12679.6,Collision,Pending
CLM00376,POL00376,CUST00376,2022-07-08,257.08,Vandalism,Pending
CLM00377,POL00377,CUST00377,2023-09-10,1706.19,Vandalism,Rejected
CLM00378,POL00378,CUST00378,2023-03-08,2311.68,Collision,Approved
CLM00379,POL00379,CUST00379,2023-07-14,5301.67,Collision,Rejected
CLM00380,POL00380,CUST00380,2023-02-23,10428.72,Fire,Approved
CLM00381,POL00381,CUST00381,2023-01-29,4670.41,Fire,Approved
CLM00382,POL00382,CUST00382,2022-03-20,14415.23,Fire,Rejected
CLM00383,POL00383,CUST00383,2023-04-16,7514.14,Fire,Approved
CLM00384,POL00384,CUST00384,2023-04-01,14996.57,Collision,Approved
CLM00385,POL00385,CUST00385,2023-11-19,7221.5,Vandalism,Rejected
CLM00386,POL00386,CUST00386,2023-03-28,3577.41,Fire,Approved
CLM00387,POL00387,CUST00387,2022-12-21,1780.51,Collision,Approved
CLM00388,POL00388,CUST00388,2022-09-16,4227.54,Fire,Approved
CLM00389,POL00389,CUST00389,2022-09-13,3180.08,Theft,Pending
CLM00390,POL00390,CUST00390,2023-10-04,18756.25,Vandalism,Rejected
CLM00391,POL00391,CUST00391,2023-11-13,14981.27,Theft,Approved
CLM00392,POL00392,CUST00392,2022-08-04,11192.84,Fire,Pending
CLM00393,POL00393,CUST00393,2022-10-11,5456.84,Theft,Rejected
CLM00394,POL00394,CUST00394,2023-04-21,7505.16,Fire,Pending
CLM00395,POL00395,CUST00395,2022-09-09,1083.57,Vandalism,Approved
CLM00396,POL00396,CUST00396,2023-05-28,7477.87,Fire,Approved
CLM00397,POL00397,CUST00397,2023-05-25,11075.26,Theft,Approved
CLM00398,POL00398,CUST00398,2023-03-03,17205.72,Vandalism,Rejected
CLM00399,POL00399,CUST00399,2022-12-18,9484.1,Vandalism,Approved
CLM00400,POL00400,CUST00400,2022-07-16,338.77,Theft,Pending
CLM00401,POL00401,CUST00401,2023-10-12,4844.51,Collision,Rejected
CLM00402,POL00402,CUST00402,2023-08-23,6890.53,Fire,Approved
CLM00403,POL00403,CUST00403,2023-06-04,12997.46,Vandalism,Approved
CLM00404,POL00404,CUST00404,2023-07-12,10641.71,Collision,Approved
CLM00405,POL00405,CUST00405,2022-07-31,4956.78,Collision,Pending
CLM00406,POL00406,CUST00406,2022-09-27,404.86,Fire,Approved
CLM00407,POL00407,CUST00407,2022-12-23,336.53,Fire,Rejected
CLM00408,POL00408,CUST00408,2023-05-09,6644.37,Theft,Approved
CLM00409,POL00409,CUST00409,2023-03-24,18109.77,Collision,Pending
CLM00410,POL00410,CUST00410,2023-08-13,10471.17,Fire,Approved
CLM00411,POL00411,CUST00411,2022-01-23,4245.61,Collision,Approved
CLM00412,POL00412,CUST00412,2023-10-12,8072.33,Collision,Approved
CLM00413,POL00413,CUST00413,2022-08-24,14729.94,Collision,Rejected
CLM00414,POL00414,CUST00414,2022-05-16,12044.83,Fire,Pending
CLM00415,POL00415,CUST00415,2023-07-29,16476.93,Collision,Approved
CLM00416,POL00416,CUST00416,2022-04-14,18103.98,Vandalism,Approved
CLM00417,POL00417,CUST00417,2023-08-19,3522.81,Vandalism,Rejected
CLM00418,POL00418,CUST00418,2023-02-21,11897.6,Theft,Pending
CLM00419,POL00419,CUST00419,2023-06-25,5918.07,Fire,Pending
CLM00420,POL00420,CUST00420,2022-12-06,3850.24,Theft,Approved
CLM00421,POL00421,CUST00421,2023-11-07,233.05,Vandalism,Pending
CLM00422,POL00422,CUST00422,2022-08-06,4353.26,Fire,Approved
CLM00423,POL00423,CUST00423,2023-12-31,10326.11,Vandalism,Rejected
CLM00424,POL00424,CUST00424,2023-04-26,10191.96,Vandalism,Approved
CLM00425,POL00425,CUST00425,2023-03-28,10371.96,Vandalism,Pending
CLM00426,POL00426,CUST00426,2022-07-29,2652.33,Theft,Rejected
CLM00427,POL00427,CUST00427,2022-08-17,5365.65,Theft,Approved
CLM00428,POL00428,CUST00428,2023-02-24,286.64,Vandalism,Rejected
CLM00429,POL00429,CUST00429,2022-12-25,12828.2,Collision,Approved
CLM00430,POL00430,CUST00430,2022-10-23,10378.04,Theft,Pending
CLM00431,POL00431,CUST00431,2022-08-15,12129.45,Vandalism,Pending
CLM00432,POL00432,CUST00432,2023-08-21,5617.37,Collision,Approved
CLM00433,POL00433,CUST00433,2023-06-03,4705.96,Vandalism,Approved
CLM00434,POL00434,CUST00434,2023-11-22,13894.69,Collision,Rejected
CLM00435,POL00435,CUST00435,2022-01-14,18512.11,Collision,Approved
CLM00436,POL00436,CUST00436,2023-06-01,18232.69,Collision,Rejected
CLM00437,POL00437,CUST00437,2023-02-27,3253.05,Theft,Pending
CLM00438,POL00438,CUST00438,2023-08-25,7023.12,Collision,Pending
CLM00439,POL00439,CUST00439,2022-09-15,19017.64,Collision,Approved
CLM00440,POL00440,CUST00440,2023-07-06,5507.31,Theft,Pending
CLM00441,POL00441,CUST00441,2023-09-16,14328.0,Fire,Approved
CLM00442,POL00442,CUST00442,2022-10-03,6530.63,Collision,Approved
CLM00443,POL00443,CUST00443,2023-08-14,5351.83,Collision,Pending
CLM00444,POL00444,CUST00444,2022-09-10,8898.81,Theft,Approved
CLM00445,POL00445,CUST00445,2022-03-14,19125.67,Vandalism,Pending
CLM00446,POL00446,CUST00446,2024-01-01,7625.99,Fire,Pending
CLM00447,POL00447,CUST00447,2022-05-04,7870.97,Fire,Pending
CLM00448,POL00448,CUST00448,2023-07-13,18188.43,Fire,Pending
CLM00449,POL00449,CUST00449,2022-11-26,4578.76,Fire,Approved
CLM00450,POL00450,CUST00450,2022-11-02,11677.13,Collision,Approved
CLM00451,POL00451,CUST00451,2022-10-05,2103.91,Theft,Pending
CLM00452,POL00452,CUST00452,2023-07-06,9155.47,Fire,Rejected
CLM00453,POL00453,CUST00453,2022-05-05,4736.94,Vandalism,Approved
CLM00454,POL00454,CUST00454,2023-09-05,14566.25,Theft,Approved
CLM00455,POL00455,CUST00455,2023-05-24,12196.57,Theft,Pending
CLM00456,POL00456,CUST00456,2023-02-26,11567.75,Theft,Pending
CLM00457,POL00457,CUST00457,2022-02-26,4489.95,Vandalism,Pending
CLM00458,POL00458,CUST00458,2022-07-13,19756.14,Fire,Approved
CLM00459,POL00459,CUST00459,2022-10-22,662.92,Theft,Pending
CLM00460,POL00460,CUST00460,2023-04-01,10851.32,Vandalism,Pending
CLM00461,POL00461,CUST00461,2022-02-27,11659.64,Vandalism,Rejected
CLM00462,POL00462,CUST00462,2023-10-28,11892.16,Theft,Pending
CLM00463,POL00463,CUST00463,2022-08-14,10935.45,Theft,Pending
CLM00464,POL00464,CUST00464,2023-12-04,3607.09,Vandalism,Approved
CLM00465,POL00465,CUST00465,2022-01-07,19171.51,Fire,Pending
CLM00466,POL00466,CUST00466,2023-08-04,6420.54,Vandalism,Rejected
CLM00467,POL00467,CUST00467,2022-12-19,12316.72,Fire,Rejected
CLM00468,POL00468,CUST00468,2023-02-16,12697.22,Theft,Rejected
CLM00469,POL00469,CUST00469,2022-08-28,3812.37,Collision,Pending
CLM00470,POL00470,CUST00470,2023-01-03,16127.39,Vandalism,Rejected
CLM00471,POL00471,CUST00471,2023-10-25,19459.24,Theft,Rejected
CLM00472,POL00472,CUST00472,2023-08-03,6954.67,Fire,Pending
CLM00473,POL00473,CUST00473,2022-10-25,2628.59,Theft,Pending
CLM00474,POL00474,CUST00474,2022-03-06,19539.09,Theft,Pending
CLM00475,POL00475,CUST00475,2023-07-10,10152.42,Collision,Pending
CLM00476,POL00476,CUST00476,2022-08-16,14272.71,Collision,Approved
CLM00477,POL00477,CUST00477,2022-07-07,13612.01,Theft,Rejected
CLM00478,POL00478,CUST00478,2022-01-19,13396.61,Vandalism,Approved
CLM00479,POL00479,CUST00479,2023-02-24,19065.99,Theft,Approved
CLM00480,POL00480,CUST00480,2023-07-03,12105.45,Collision,Approved
CLM00481,POL00481,CUST00481,2023-08-01,9537.56,Vandalism,Approved
CLM00482,POL00482,CUST00482,2022-06-19,15330.38,Fire,Rejected
CLM00483,POL00483,CUST00483,2022-10-11,685.3,Vandalism,Approved
CLM00484,POL00484,CUST00484,2022-11-24,14963.29,Theft,Rejected
CLM00485,POL00485,CUST00485,2023-02-01,18598.71,Vandalism,Pending
CLM00486,POL00486,CUST00486,2022-11-16,19317.59,Theft,Rejected
CLM00487,POL00487,CUST00487,2022-06-28,2017.78,Theft,Pending
CLM00488,POL00488,CUST00488,2023-05-11,18069.15,Vandalism,Pending
CLM00489,POL00489,CUST00489,2022-05-13,12479.74,Collision,Pending
CLM00490,POL00490,CUST00490,2022-07-07,15759.66,Fire,Rejected
CLM00491,POL00491,CUST00491,2023-05-01,14936.01,Theft,Approved
CLM00492,POL00492,CUST00492,2022-05-24,714.49,Fire,Approved
CLM00493,POL00493,CUST00493,2023-05-28,5876.27,Theft,Rejected
CLM00494,POL00494,CUST00494,2022-04-14,11439.5,Theft,Pending
CLM00495,POL00495,CUST00495,2023-01-31,15229.69,Collision,Pending
CLM00496,POL00496,CUST00496,2022-07-18,16423.59,Collision,Approved
CLM00497,POL00497,CUST00497,2023-04-14,13812.12,Theft,Pending
CLM00498,POL00498,CUST00498,2023-07-29,2704.08,Fire,Rejected
CLM00499,POL00499,CUST00499,2022-06-13,11316.38,Collision,Rejected
CLM00500,POL00500,CUST00500,2022-12-18,12444.63,Theft,Approved
CLM00501,POL00501,CUST00501,2023-12-15,17569.1,Vandalism,Approved
CLM00502,POL00502,CUST00502,2022-04-19,6320.78,Collision,Approved
CLM00503,POL00503,CUST00503,2023-03-26,13959.39,Theft,Approved
CLM00504,POL00504,CUST00504,2022-01-31,8102.29,Collision,Rejected
CLM00505,POL00505,CUST00505,2023-02-09,2865.43,Collision,Rejected
CLM00506,POL00506,CUST00506,2023-12-02,2164.23,Theft,Rejected
CLM00507,POL00507,CUST00507,2023-06-17,17815.24,Collision,Rejected
CLM00508,POL00508,CUST00508,2022-04-08,1474.13,Fire,Approved
CLM00509,POL00509,CUST00509,2023-03-19,10323.94,Collision,Rejected
CLM00510,POL00510,CUST00510,2023-06-18,11585.84,Collision,Rejected
CLM00511,POL00511,CUST00511,2023-10-11,17906.24,Vandalism,Approved
CLM00512,POL00512,CUST00512,2022-11-05,3650.51,Vandalism,Approved
CLM00513,POL00513,CUST00513,2022-11-16,6825.59,Fire,Pending
CLM00514,POL00514,CUST00514,2022-07-11,14184.93,Theft,Rejected
CLM00515,POL00515,CUST00515,2022-08-19,5870.42,Fire,Approved
CLM00516,POL00516,CUST00516,2023-08-06,1243.92,Collision,Pending
CLM00517,POL00517,CUST00517,2022-09-04,10144.52,Fire,Pending
CLM00518,POL00518,CUST00518,2022-09-08,6488.83,Collision,Approved
CLM00519,POL00519,CUST00519,2023-03-10,12771.13,Vandalism,Pending
CLM00520,POL00520,CUST00520,2023-09-15,12571.4,Collision,Rejected
CLM00521,POL00521,CUST00521,2023-04-27,16595.38,Collision,Approved
CLM00522,POL00522,CUST00522,2023-01-07,12789.99,Theft,Rejected
CLM00523,POL00523,CUST00523,2022-07-31,6684.8,Vandalism,Approved
CLM00524,POL00524,CUST00524,2023-12-15,17823.54,Collision,Approved
CLM00525,POL00525,CUST00525,2023-12-14,9768.05,Vandalism,Approved
CLM00526,POL00526,CUST00526,2023-07-21,18228.26,Theft,Pending
CLM00527,POL00527,CUST00527,2022-11-16,4696.98,Fire,Pending
CLM00528,POL00528,CUST00528,2023-09-11,16262.41,Theft,Pending
CLM00529,POL00529,CUST00529,2023-12-02,12862.45,Vandalism,Rejected
CLM00530,POL00530,CUST00530,2022-12-24,16124.64,Collision,Rejected
CLM00531,POL00531,CUST00531,2023-03-13,12890.98,Fire,Rejected
CLM00532,POL00532,CUST00532,2023-01-21,19353.23,Collision,Approved
CLM00533,POL00533,CUST00533,2023-03-22,3649.87,Fire,Approved
CLM00534,POL00534,CUST00534,2023-08-09,17637.87,Fire,Rejected
CLM00535,POL00535,CUST00535,2022-08-07,2007.69,Vandalism,Pending
CLM00536,POL00536,CUST00536,2022-01-27,386.7,Fire,Pending
CLM00537,POL00537,CUST00537,2023-02-05,5807.74,Fire,Pending
CLM00538,POL00538,CUST00538,2023-01-02,6902.36,Collision,Approved
CLM00539,POL00539,CUST00539,2023-01-06,5732.28,Collision,Pending
CLM00540,POL00540,CUST00540,2023-01-12,17829.59,Theft,Pending
CLM00541,POL00541,CUST00541,2023-05-13,16868.68,Collision,Approved
CLM00542,POL00542,CUST00542,2022-03-06,10744.59,Theft,Approved
CLM00543,POL00543,CUST00543,2022-04-08,9860.26,Vandalism,Rejected
CLM00544,POL00544,CUST00544,2023-12-03,15247.37,Fire,Approved
CLM00545,POL00545,CUST00545,2023-06-06,1949.27,Collision,Rejected
CLM00546,POL00546,CUST00546,2022-04-09,5167.66,Fire,Pending
CLM00547,POL00547,CUST00547,2022-06-09,608.94,Fire,Rejected
CLM00548,POL00548,CUST00548,2022-11-08,4216.71,Fire,Rejected
CLM00549,POL00549,CUST00549,2023-11-22,14389.53,Fire,Rejected
CLM00550,POL00550,CUST00550,2022-08-28,952.39,Theft,Approved
CLM00551,POL00551,CUST00551,2023-08-09,4031.44,Collision,Approved
CLM00552,POL00552,CUST00552,2023-02-03,19303.01,Vandalism,Approved
CLM00553,POL00553,CUST00553,2022-02-01,8014.41,Fire,Pending
CLM00554,POL00554,CUST00554,2022-08-19,15465.76,Collision,Approved
CLM00555,POL00555,CUST00555,2023-02-04,5826.01,Fire,Pending
CLM00556,POL00556,CUST00556,2022-06-30,19173.5,Collision,Rejected
CLM00557,POL00557,CUST00557,2023-07-25,12841.36,Vandalism,Approved
CLM00558,POL00558,CUST00558,2023-05-08,13936.63,Collision,Rejected
CLM00559,POL00559,CUST00559,2023-01-25,12598.96,Collision,Rejected
CLM00560,POL00560,CUST00560,2022-09-03,15613.08,Vandalism,Pending
CLM00561,POL00561,CUST00561,2023-06-02,10199.11,Fire,Rejected
CLM00562,POL00562,CUST00562,2022-07-15,2836.21,Fire,Pending
CLM00563,POL00563,CUST00563,2022-04-14,4066.33,Collision,Approved
CLM00564,POL00564,CUST00564,2022-11-18,12026.29,Vandalism,Pending
CLM00565,POL00565,CUST00565,2023-02-13,9284.1,Vandalism,Rejected
CLM00566,POL00566,CUST00566,2023-04-29,12675.68,Theft,Rejected
CLM00567,POL00567,CUST00567,2023-07-02,8644.49,Fire,Approved
CLM00568,POL00568,CUST00568,2023-03-15,7917.25,Theft,Approved
CLM00569,POL00569,CUST00569,2023-12-15,18019.74,Theft,Approved
CLM00570,POL00570,CUST00570,2023-04-14,7096.46,Collision,Approved
CLM00571,POL00571,CUST00571,2023-05-07,17787.39,Vandalism,Approved
CLM00572,POL00572,CUST00572,2022-08-20,14728.49,Vandalism,Pending
CLM00573,POL00573,CUST00573,2023-02-03,19878.3,Vandalism,Rejected
CLM00574,POL00574,CUST00574,2023-07-27,19778.43,Fire,Pending
CLM00575,POL00575,CUST00575,2023-08-08,4666.36,Collision,Pending
CLM00576,POL00576,CUST00576,2022-09-11,2282.12,Collision,Approved
CLM00577,POL00577,CUST00577,2022-01-11,7269.36,Fire,Approved
CLM00578,POL00578,CUST00578,2022-12-18,16000.7,Fire,Rejected
CLM00579,POL00579,CUST00579,2023-07-29,16294.94,Vandalism,Rejected
CLM00580,POL00580,CUST00580,2023-05-09,1824.27,Fire,Rejected
CLM00581,POL00581,CUST00581,2023-01-18,6289.47,Fire,Pending
CLM00582,POL00582,CUST00582,2022-06-08,5374.94,Collision,Pending
CLM00583,POL00583,CUST00583,2022-11-13,15163.71,Vandalism,Approved
CLM00584,POL00584,CUST00584,2022-06-23,7209.18,Theft,Approved
CLM00585,POL00585,CUST00585,2023-08-22,11824.53,Theft,Pending
CLM00586,POL00586,CUST00586,2022-04-02,4131.42,Vandalism,Approved
CLM00587,POL00587,CUST00587,2022-08-14,9892.1,Vandalism,Approved
CLM00588,POL00588,CUST00588,2023-02-01,3915.96,Fire,Approved
CLM00589,POL00589,CUST00589,2022-05-02,16605.67,Theft,Pending
CLM00590,POL00590,CUST00590,2022-03-03,9615.29,Fire,Pending
CLM00591,POL00591,CUST00591,2022-10-01,18347.92,Vandalism,Pending
CLM00592,POL00592,CUST00592,2022-12-12,12346.12,Vandalism,Pending
CLM00593,POL00593,CUST00593,2022-09-02,8085.22,Collision,Pending
CLM00594,POL00594,CUST00594,2023-10-29,1233.85,Fire,Approved
CLM00595,POL00595,CUST00595,2022-01-27,2306.65,Vandalism,Rejected
CLM00596,POL00596,CUST00596,2023-04-21,19101.0,Vandalism,Rejected
CLM00597,POL00597,CUST00597,2023-10-18,10618.7,Collision,Rejected
CLM00598,POL00598,CUST00598,2023-10-03,16273.5,Fire,Pending
CLM00599,POL00599,CUST00599,2022-02-06,17909.3,Fire,Approved
CLM00600,POL00600,CUST00600,2022-02-24,15744.21,Fire,Pending
CLM00601,POL00601,CUST00601,2023-06-07,10250.77,Vandalism,Approved
CLM00602,POL00602,CUST00602,2023-03-10,2058.99,Theft,Pending
CLM00603,POL00603,CUST00603,2022-05-15,12181.54,Theft,Pending
CLM00604,POL00604,CUST00604,2022-10-24,13995.81,Collision,Rejected
CLM00605,POL00605,CUST00605,2023-08-14,8345.76,Vandalism,Approved
CLM00606,POL00606,CUST00606,2023-04-09,11040.84,Vandalism,Rejected
CLM00607,POL00607,CUST00607,2022-09-16,7536.96,Vandalism,Rejected
CLM00608,POL00608,CUST00608,2022-09-07,5333.06,Collision,Rejected
CLM00609,POL00609,CUST00609,2022-04-27,6099.69,Vandalism,Approved
CLM00610,POL00610,CUST00610,2023-08-08,10307.15,Collision,Pending
CLM00611,POL00611,CUST00611,2022-03-24,5382.96,Theft,Approved
CLM00612,POL00612,CUST00612,2022-07-01,11536.16,Collision,Pending
CLM00613,POL00613,CUST00613,2023-08-31,12251.35,Theft,Pending
CLM00614,POL00614,CUST00614,2023-12-06,12387.58,Theft,Pending
CLM00615,POL00615,CUST00615,2022-03-31,6783.18,Collision,Approved
CLM00616,POL00616,CUST00616,2022-10-03,15854.51,Theft,Rejected
CLM00617,POL00617,CUST00617,2022-01-10,3858.23,Collision,Pending
CLM00618,POL00618,CUST00618,2023-08-23,2013.87,Fire,Approved
CLM00619,POL00619,CUST00619,2022-04-07,2098.73,Theft,Approved
CLM00620,POL00620,CUST00620,2022-02-17,14523.13,Vandalism,Pending
CLM00621,POL00621,CUST00621,2023-09-05,7377.82,Collision,Approved
CLM00622,POL00622,CUST00622,2023-12-18,3237.03,Fire,Rejected
CLM00623,POL00623,CUST00623,2023-05-10,5556.68,Collision,Pending
CLM00624,POL00624,CUST00624,2023-11-07,6625.55,Fire,Approved
CLM00625,POL00625,CUST00625,2022-10-17,17363.11,Vandalism,Approved
CLM00626,POL00626,CUST00626,2023-06-21,5893.98,Collision,Rejected
CLM00627,POL00627,CUST00627,2023-11-06,3903.5,Vandalism,Approved
CLM00628,POL00628,CUST00628,2022-03-26,3044.45,Vandalism,Rejected
CLM00629,POL00629,CUST00629,2023-04-17,10467.38,Theft,Approved
CLM00630,POL00630,CUST00630,2022-11-12,12126.45,Collision,Approved
CLM00631,POL00631,CUST00631,2023-03-06,11258.98,Theft,Rejected
CLM00632,POL00632,CUST00632,2022-10-06,1913.23,Theft,Rejected
CLM00633,POL00633,CUST00633,2023-08-13,7779.22,Theft,Approved
CLM00634,POL00634,CUST00634,2022-07-29,10098.71,Vandalism,Approved
CLM00635,POL00635,CUST00635,2023-08-03,12837.8,Collision,Rejected
CLM00636,POL00636,CUST00636,2022-11-27,6094.07,Collision,Pending
CLM00637,POL00637,CUST00637,2023-10-17,7058.78,Theft,Rejected
CLM00638,POL00638,CUST00638,2023-05-22,5915.42,Theft,Pending
CLM00639,POL00639,CUST00639,2022-02-16,3314.72,Theft,Pending
CLM00640,POL00640,CUST00640,2022-06-08,4422.88,Collision,Pending
CLM00641,POL00641,CUST00641,2022-05-28,1851.66,Fire,Approved
CLM00642,POL00642,CUST00642,2023-05-15,16738.35,Vandalism,Approved
CLM00643,POL00643,CUST00643,2022-07-02,18970.05,Collision,Pending
CLM00644,POL00644,CUST00644,2022-12-06,19099.62,Fire,Approved
CLM00645,POL00645,CUST00645,2023-05-14,16370.58,Collision,Rejected
CLM00646,POL00646,CUST00646,2023-09-22,18280.67,Collision,Pending
CLM00647,POL00647,CUST00647,2023-04-29,5665.17,Theft,Approved
CLM00648,POL00648,CUST00648,2022-11-22,13118.84,Theft,Approved
CLM00649,POL00649,CUST00649,2023-02-06,13323.09,Collision,Approved
CLM00650,POL00650,CUST00650,2023-09-19,6528.8,Fire,Pending
CLM00651,POL00651,CUST00651,2022-06-26,4977.21,Vandalism,Pending
CLM00652,POL00652,CUST00652,2022-08-17,10567.45,Fire,Rejected
CLM00653,POL00653,CUST00653,2022-08-10,6747.38,Fire,Pending
CLM00654,POL00654,CUST00654,2023-02-16,7758.91,Vandalism,Pending
CLM00655,POL00655,CUST00655,2022-01-30,8807.64,Theft,Approved
CLM00656,POL00656,CUST00656,2023-06-30,16818.97,Collision,Pending
CLM00657,POL00657,CUST00657,2023-08-20,15130.73,Vandalism,Rejected
CLM00658,POL00658,CUST00658,2023-10-13,14117.04,Vandalism,Pending
CLM00659,POL00659,CUST00659,2023-09-20,9587.68,Fire,Pending
CLM00660,POL00660,CUST00660,2023-02-02,4170.08,Vandalism,Rejected
CLM00661,POL00661,CUST00661,2022-02-12,17905.71,Fire,Pending
CLM00662,POL00662,CUST00662,2023-08-18,11267.63,Vandalism,Rejected
CLM00663,POL00663,CUST00663,2022-02-02,7915.88,Collision,Approved
CLM00664,POL00664,CUST00664,2022-09-03,2748.65,Collision,Rejected
CLM00665,POL00665,CUST00665,2022-05-26,10390.05,Theft,Rejected
CLM00666,POL00666,CUST00666,2022-08-26,8151.27,Fire,Approved
CLM00667,POL00667,CUST00667,2023-08-20,3752.16,Collision,Rejected
CLM00668,POL00668,CUST00668,2023-12-01,15877.8,Theft,Pending
CLM00669,POL00669,CUST00669,2022-03-06,17572.71,Collision,Pending
CLM00670,POL00670,CUST00670,2023-12-07,5628.48,Theft,Rejected
CLM00671,POL00671,CUST00671,2023-06-13,8376.8,Vandalism,Approved
CLM00672,POL00672,CUST00672,2023-06-14,3703.45,Collision,Rejected
CLM00673,POL00673,CUST00673,2023-10-22,278.99,Collision,Rejected
CLM00674,POL00674,CUST00674,2022-08-18,17704.31,Theft,Rejected
CLM00675,POL00675,CUST00675,2023-12-02,14904.57,Vandalism,Pending
CLM00676,POL00676,CUST00676,2023-11-30,8206.99,Vandalism,Rejected
CLM00677,POL00677,CUST00677,2022-07-03,6317.75,Fire,Pending
CLM00678,POL00678,CUST00678,2023-02-20,3468.53,Vandalism,Approved
CLM00679,POL00679,CUST00679,2022-01-28,17728.59,Collision,Approved
CLM00680,POL00680,CUST00680,2022-05-02,4786.77,Theft,Approved
CLM00681,POL00681,CUST00681,2023-05-18,9666.71,Collision,Approved
CLM00682,POL00682,CUST00682,2022-11-20,755.04,Fire,Approved
CLM00683,POL00683,CUST00683,2022-03-14,9037.48,Vandalism,Approved
CLM00684,POL00684,CUST00684,2023-02-11,5176.71,Collision,Approved
CLM00685,POL00685,CUST00685,2022-05-27,19997.76,Vandalism,Rejected
CLM00686,POL00686,CUST00686,2023-08-22,9903.54,Collision,Pending
CLM00687,POL00687,CUST00687,2022-06-16,4982.26,Theft,Pending
CLM00688,POL00688,CUST00688,2023-10-18,8765.12,Fire,Approved
CLM00689,POL00689,CUST00689,2023-09-21,15638.43,Fire,Pending
CLM00690,POL00690,CUST00690,2022-10-10,11248.64,Theft,Approved
CLM00691,POL00691,CUST00691,2022-08-09,10609.24,Theft,Rejected
CLM00692,POL00692,CUST00692,2023-08-22,5738.73,Fire,Approved
CLM00693,POL00693,CUST00693,2022-07-21,7117.82,Fire,Rejected
CLM00694,POL00694,CUST00694,2022-03-28,11737.2,Vandalism,Rejected
CLM00695,POL00695,CUST00695,2023-02-25,15631.68,Vandalism,Rejected
CLM00696,POL00696,CUST00696,2022-11-09,17869.94,Collision,Rejected
CLM00697,POL00697,CUST00697,2023-11-09,4535.6,Collision,Pending
CLM00698,POL00698,CUST00698,2023-11-19,11489.34,Theft,Approved
CLM00699,POL00699,CUST00699,2023-02-10,9848.35,Theft,Pending
CLM00700,POL00700,CUST00700,2022-07-22,11098.31,Theft,Pending
CLM00701,POL00701,CUST00701,2022-10-06,8875.95,Vandalism,Approved
CLM00702,POL00702,CUST00702,2022-07-28,1955.9,Collision,Rejected
CLM00703,POL00703,CUST00703,2023-11-01,6950.12,Fire,Rejected
CLM00704,POL00704,CUST00704,2022-12-21,11724.37,Fire,Pending
CLM00705,POL00705,CUST00705,2023-01-04,5009.49,Vandalism,Pending
CLM00706,POL00706,CUST00706,2022-02-22,7988.15,Fire,Pending
CLM00707,POL00707,CUST00707,2022-12-18,13895.02,Collision,Pending
CLM00708,POL00708,CUST00708,2023-02-26,2259.39,Collision,Pending
CLM00709,POL00709,CUST00709,2022-11-13,14822.63,Fire,Pending
CLM00710,POL00710,CUST00710,2023-10-04,1073.89,Vandalism,Pending
CLM00711,POL00711,CUST00711,2022-08-08,17454.06,Theft,Rejected
CLM00712,POL00712,CUST00712,2023-07-10,15315.44,Collision,Pending
CLM00713,POL00713,CUST00713,2022-01-13,19390.2,Theft,Pending
CLM00714,POL00714,CUST00714,2023-07-19,9980.91,Theft,Approved
CLM00715,POL00715,CUST00715,2023-11-28,2429.15,Fire,Approved
CLM00716,POL00716,CUST00716,2022-08-07,1401.66,Vandalism,Pending
CLM00717,POL00717,CUST00717,2023-09-17,12182.01,Theft,Rejected
CLM00718,POL00718,CUST00718,2023-05-17,11727.46,Vandalism,Rejected
CLM00719,POL00719,CUST00719,2023-06-12,15199.93,Fire,Rejected
CLM00720,POL00720,CUST00720,2023-01-07,14724.9,Fire,Rejected
CLM00721,POL00721,CUST00721,2023-05-07,9844.46,Collision,Rejected
CLM00722,POL00722,CUST00722,2022-02-16,5778.79,Collision,Pending
CLM00723,POL00723,CUST00723,2022-12-16,17668.15,Fire,Rejected
CLM00724,POL00724,CUST00724,2022-04-07,7239.87,Vandalism,Approved
CLM00725,POL00725,CUST00725,2022-06-25,16439.61,Vandalism,Pending
CLM00726,POL00726,CUST00726,2023-07-24,15672.0,Vandalism,Rejected
CLM00727,POL00727,CUST00727,2023-08-25,19651.6,Vandalism,Pending
CLM00728,POL00728,CUST00728,2023-05-09,6502.34,Theft,Approved
CLM00729,POL00729,CUST00729,2022-09-11,2900.11,Fire,Rejected
CLM00730,POL00730,CUST00730,2022-12-06,4551.99,Collision,Rejected
CLM00731,POL00731,CUST00731,2022-06-12,18066.47,Vandalism,Pending
CLM00732,POL00732,CUST00732,2022-08-08,11088.48,Collision,Rejected
CLM00733,POL00733,CUST00733,2023-11-11,15838.73,Theft,Pending
CLM00734,POL00734,CUST00734,2022-12-20,1794.59,Fire,Pending
CLM00735,POL00735,CUST00735,2023-05-03,12599.45,Vandalism,Rejected
CLM00736,POL00736,CUST00736,2023-04-20,15895.23,Theft,Approved
CLM00737,POL00737,CUST00737,2023-01-15,2292.12,Vandalism,Rejected
CLM00738,POL00738,CUST00738,2023-06-01,5449.81,Collision,Rejected
CLM00739,POL00739,CUST00739,2022-06-30,8126.4,Vandalism,Approved
CLM00740,POL00740,CUST00740,2023-05-30,14117.46,Vandalism,Pending
CLM00741,POL00741,CUST00741,2022-04-29,9501.31,Vandalism,Approved
CLM00742,POL00742,CUST00742,2023-04-28,7165.77,Fire,Rejected
CLM00743,POL00743,CUST00743,2022-01-24,350.52,Collision,Pending
CLM00744,POL00744,CUST00744,2023-05-22,3387.22,Vandalism,Approved
CLM00745,POL00745,CUST00745,2023-09-05,6479.09,Fire,Pending
CLM00746,POL00746,CUST00746,2022-12-09,15461.36,Vandalism,Rejected
CLM00747,POL00747,CUST00747,2023-06-24,16884.26,Vandalism,Pending
CLM00748,POL00748,CUST00748,2022-05-27,9468.68,Collision,Rejected
CLM00749,POL00749,CUST00749,2023-05-22,218.17,Fire,Approved
CLM00750,POL00750,CUST00750,2023-10-12,14094.11,Fire,Rejected
CLM00751,POL00751,CUST00751,2022-07-04,17402.74,Theft,Rejected
CLM00752,POL00752,CUST00752,2023-07-31,5363.35,Fire,Rejected
CLM00753,POL00753,CUST00753,2022-05-28,10683.2,Vandalism,Rejected
CLM00754,POL00754,CUST00754,2023-03-27,642.06,Vandalism,Pending
CLM00755,POL00755,CUST00755,2023-08-15,13294.88,Vandalism,Pending
CLM00756,POL00756,CUST00756,2023-12-09,2975.4,Fire,Pending
CLM00757,POL00757,CUST00757,2022-09-26,16965.35,Collision,Approved
CLM00758,POL00758,CUST00758,2022-12-15,15426.89,Fire,Approved
CLM00759,POL00759,CUST00759,2023-02-15,13098.36,Theft,Approved
CLM00760,POL00760,CUST00760,2022-02-03,3138.95,Vandalism,Approved
CLM00761,POL00761,CUST00761,2022-05-11,16568.24,Collision,Rejected
CLM00762,POL00762,CUST00762,2022-09-18,8670.65,Collision,Approved
CLM00763,POL00763,CUST00763,2022-03-29,10169.22,Fire,Rejected
CLM00764,POL00764,CUST00764,2022-03-15,5681.52,Fire,Approved
CLM00765,POL00765,CUST00765,2022-07-01,8874.06,Vandalism,Approved
CLM00766,POL00766,CUST00766,2022-10-25,2247.27,Vandalism,Rejected
CLM00767,POL00767,CUST00767,2023-09-23,8866.26,Vandalism,Rejected
CLM00768,POL00768,CUST00768,2023-11-03,2814.98,Theft,Rejected
CLM00769,POL00769,CUST00769,2022-06-16,458.25,Collision,Approved
CLM00770,POL00770,CUST00770,2023-02-05,15253.52,Vandalism,Approved
CLM00771,POL00771,CUST00771,2022-11-22,4412.13,Vandalism,Pending
CLM00772,POL00772,CUST00772,2023-11-10,2229.92,Vandalism,Rejected
CLM00773,POL00773,CUST00773,2023-10-13,15124.11,Theft,Approved
CLM00774,POL00774,CUST00774,2022-03-03,909.16,Collision,Rejected
CLM00775,POL00775,CUST00775,2022-02-07,5036.6,Collision,Pending
CLM00776,POL00776,CUST00776,2023-11-20,10854.62,Collision,Rejected
CLM00777,POL00777,CUST00777,2022-12-04,5331.82,Collision,Approved
CLM00778,POL00778,CUST00778,2023-06-18,17263.12,Collision,Rejected
CLM00779,POL00779,CUST00779,2022-10-26,7599.22,Collision,Approved
CLM00780,POL00780,CUST00780,2022-09-07,16810.81,Fire,Pending
CLM00781,POL00781,CUST00781,2022-05-15,6138.7,Collision,Pending
CLM00782,POL00782,CUST00782,2022-10-14,854.35,Collision,Rejected
CLM00783,POL00783,CUST00783,2023-01-01,7084.33,Theft,Rejected
CLM00784,POL00784,CUST00784,2023-12-04,9536.99,Fire,Rejected
CLM00785,POL00785,CUST00785,2022-04-17,17926.5,Theft,Rejected
CLM00786,POL00786,CUST00786,2022-12-07,3660.11,Theft,Approved
CLM00787,POL00787,CUST00787,2023-11-06,3779.7,Theft,Approved
CLM00788,POL00788,CUST00788,2023-02-13,7043.49,Fire,Pending
CLM00789,POL00789,CUST00789,2022-10-05,18890.53,Theft,Rejected
CLM00790,POL00790,CUST00790,2022-12-24,4914.59,Theft,Rejected
CLM00791,POL00791,CUST00791,2022-06-02,4835.16,Collision,Pending
CLM00792,POL00792,CUST00792,2023-06-05,1803.26,Collision,Approved
CLM00793,POL00793,CUST00793,2022-08-11,12448.69,Fire,Approved
CLM00794,POL00794,CUST00794,2023-09-08,19387.22,Vandalism,Rejected
CLM00795,POL00795,CUST00795,2023-11-13,4596.73,Theft,Rejected
CLM00796,POL00796,CUST00796,2023-02-16,16694.83,Theft,Approved
CLM00797,POL00797,CUST00797,2022-03-21,17977.2,Collision,Approved
CLM00798,POL00798,CUST00798,2023-03-07,16353.67,Collision,Pending
CLM00799,POL00799,CUST00799,2023-07-17,12107.16,Theft,Approved
CLM00800,POL00800,CUST00800,2023-07-20,7286.79,Fire,Rejected
CLM00801,POL00801,CUST00801,2023-03-21,5019.48,Collision,Rejected
CLM00802,POL00802,CUST00802,2022-12-11,16080.38,Theft,Approved
CLM00803,POL00803,CUST00803,2022-06-04,9395.97,Theft,Approved
CLM00804,POL00804,CUST00804,2022-12-01,13131.64,Collision,Rejected
CLM00805,POL00805,CUST00805,2023-04-15,12874.68,Fire,Pending
CLM00806,POL00806,CUST00806,2022-07-02,15707.57,Fire,Approved
CLM00807,POL00807,CUST00807,2023-01-05,17692.51,Collision,Approved
CLM00808,POL00808,CUST00808,2022-03-13,17478.04,Fire,Approved
CLM00809,POL00809,CUST00809,2022-05-30,3421.5,Collision,Pending
CLM00810,POL00810,CUST00810,2022-03-23,19526.81,Theft,Approved
CLM00811,POL00811,CUST00811,2022-03-29,8919.42,Collision,Pending
CLM00812,POL00812,CUST00812,2023-08-22,17741.27,Fire,Rejected
CLM00813,POL00813,CUST00813,2022-08-05,15049.73,Theft,Rejected
CLM00814,POL00814,CUST00814,2022-11-26,14512.65,Fire,Pending
CLM00815,POL00815,CUST00815,2023-12-15,13411.05,Theft,Pending
CLM00816,POL00816,CUST00816,2022-09-30,12029.21,Fire,Rejected
CLM00817,POL00817,CUST00817,2023-06-24,3572.89,Fire,Pending
CLM00818,POL00818,CUST00818,2022-04-24,17300.02,Vandalism,Pending
CLM00819,POL00819,CUST00819,2022-06-06,3711.59,Collision,Pending
CLM00820,POL00820,CUST00820,2022-10-01,18879.6,Collision,Rejected
CLM00821,POL00821,CUST00821,2023-03-21,11774.27,Theft,Pending
CLM00822,POL00822,CUST00822,2023-11-22,6905.18,Fire,Pending
CLM00823,POL00823,CUST00823,2022-07-13,14484.79,Vandalism,Rejected
CLM00824,POL00824,CUST00824,2022-02-20,1034.14,Fire,Approved
CLM00825,POL00825,CUST00825,2022-08-23,2048.41,Theft,Approved
CLM00826,POL00826,CUST00826,2023-04-24,1400.81,Fire,Approved
CLM00827,POL00827,CUST00827,2023-02-14,419.97,Collision,Rejected
CLM00828,POL00828,CUST00828,2022-05-11,11715.83,Collision,Rejected
CLM00829,POL00829,CUST00829,2022-10-07,13863.65,Vandalism,Rejected
CLM00830,POL00830,CUST00830,2022-02-07,15076.57,Vandalism,Rejected
CLM00831,POL00831,CUST00831,2022-02-03,5834.5,Fire,Pending
CLM00832,POL00832,CUST00832,2022-07-10,6070.81,Fire,Pending
CLM00833,POL00833,CUST00833,2022-11-01,8571.9,Fire,Approved
CLM00834,POL00834,CUST00834,2023-12-10,17692.76,Vandalism,Pending
CLM00835,POL00835,CUST00835,2023-03-14,8144.16,Fire,Approved
CLM00836,POL00836,CUST00836,2022-12-17,5370.78,Fire,Pending
CLM00837,POL00837,CUST00837,2022-11-19,8682.23,Theft,Approved
CLM00838,POL00838,CUST00838,2023-08-18,11532.39,Theft,Pending
CLM00839,POL00839,CUST00839,2023-01-15,9815.39,Collision,Pending
CLM00840,POL00840,CUST00840,2023-12-08,230.89,Theft,Approved
CLM00841,POL00841,CUST00841,2023-12-06,19359.15,Theft,Rejected
CLM00842,POL00842,CUST00842,2023-07-25,10992.47,Fire,Pending
CLM00843,POL00843,CUST00843,2022-03-14,15257.71,Theft,Pending
CLM00844,POL00844,CUST00844,2023-11-16,18456.19,Theft,Pending
CLM00845,POL00845,CUST00845,2023-04-15,111.03,Theft,Pending
CLM00846,POL00846,CUST00846,2023-04-17,9013.48,Vandalism,Approved
CLM00847,POL00847,CUST00847,2022-01-09,17627.56,Theft,Approved
CLM00848,POL00848,CUST00848,2022-12-06,1786.51,Fire,Rejected
CLM00849,POL00849,CUST00849,2022-04-30,1881.37,Collision,Approved
CLM00850,POL00850,CUST00850,2022-04-25,2266.6,Fire,Pending
CLM00851,POL00851,CUST00851,2022-09-12,2886.78,Collision,Approved
CLM00852,POL00852,CUST00852,2022-04-09,19132.63,Vandalism,Rejected
CLM00853,POL00853,CUST00853,2023-02-19,11120.86,Collision,Pending
CLM00854,POL00854,CUST00854,2022-08-14,7912.53,Fire,Pending
CLM00855,POL00855,CUST00855,2022-12-25,2736.2,Vandalism,Approved
CLM00856,POL00856,CUST00856,2023-01-18,14459.96,Vandalism,Pending
CLM00857,POL00857,CUST00857,2023-02-07,14640.71,Vandalism,Approved
CLM00858,POL00858,CUST00858,2023-05-25,12862.78,Vandalism,Pending
CLM00859,POL00859,CUST00859,2022-11-12,17757.95,Fire,Pending
CLM00860,POL00860,CUST00860,2022-02-24,1245.94,Collision,Approved
CLM00861,POL00861,CUST00861,2023-08-11,6722.81,Vandalism,Rejected
CLM00862,POL00862,CUST00862,2023-08-08,16536.87,Collision,Pending
CLM00863,POL00863,CUST00863,2023-11-14,16121.39,Collision,Rejected
CLM00864,POL00864,CUST00864,2022-05-25,1438.26,Fire,Approved
CLM00865,POL00865,CUST00865,2023-03-08,12987.1,Collision,Approved
CLM00866,POL00866,CUST00866,2022-04-01,10601.48,Fire,Rejected
CLM00867,POL00867,CUST00867,2022-01-08,15766.96,Fire,Pending
CLM00868,POL00868,CUST00868,2022-02-19,5008.63,Fire,Rejected
CLM00869,POL00869,CUST00869,2022-05-31,14899.97,Collision,Approved
CLM00870,POL00870,CUST00870,2023-11-21,4430.44,Collision,Rejected
CLM00871,POL00871,CUST00871,2023-06-14,10668.12,Theft,Approved
CLM00872,POL00872,CUST00872,2022-02-15,3744.47,Theft,Pending
CLM00873,POL00873,CUST00873,2023-03-07,4781.74,Fire,Pending
CLM00874,POL00874,CUST00874,2023-10-11,8624.9,Vandalism,Rejected
CLM00875,POL00875,CUST00875,2023-06-12,6543.98,Vandalism,Approved
CLM00876,POL00876,CUST00876,2023-12-31,1478.88,Collision,Rejected
CLM00877,POL00877,CUST00877,2022-05-08,10886.67,Vandalism,Rejected
CLM00878,POL00878,CUST00878,2022-06-20,421.31,Vandalism,Pending
CLM00879,POL00879,CUST00879,2022-04-06,15034.35,Theft,Approved
CLM00880,POL00880,CUST00880,2022-08-27,11523.94,Fire,Approved
CLM00881,POL00881,CUST00881,2022-04-13,3916.6,Theft,Rejected
CLM00882,POL00882,CUST00882,2022-12-23,9145.46,Theft,Rejected
CLM00883,POL00883,CUST00883,2022-11-04,17916.47,Fire,Approved
CLM00884,POL00884,CUST00884,2023-07-19,11556.0,Vandalism,Rejected
CLM00885,POL00885,CUST00885,2022-11-19,2426.86,Collision,Approved
CLM00886,POL00886,CUST00886,2022-08-06,15259.46,Vandalism,Rejected
CLM00887,POL00887,CUST00887,2023-03-11,723.43,Fire,Approved
CLM00888,POL00888,CUST00888,2022-12-16,10059.66,Vandalism,Rejected
CLM00889,POL00889,CUST00889,2023-02-08,18019.02,Theft,Rejected
CLM00890,POL00890,CUST00890,2024-01-01,16670.08,Theft,Rejected
CLM00891,POL00891,CUST00891,2022-12-05,6299.97,Theft,Rejected
CLM00892,POL00892,CUST00892,2023-09-28,15542.82,Collision,Approved
CLM00893,POL00893,CUST00893,2023-01-18,15710.54,Theft,Rejected
CLM00894,POL00894,CUST00894,2023-10-18,16257.8,Vandalism,Approved
CLM00895,POL00895,CUST00895,2023-06-26,16344.59,Theft,Rejected
CLM00896,POL00896,CUST00896,2022-11-24,17894.63,Collision,Approved
CLM00897,POL00897,CUST00897,2023-11-07,13162.08,Theft,Pending
CLM00898,POL00898,CUST00898,2023-02-17,4232.26,Collision,Rejected
CLM00899,POL00899,CUST00899,2022-03-01,7343.58,Theft,Rejected
CLM00900,POL00900,CUST00900,2023-01-11,18102.96,Vandalism,Rejected
CLM00901,POL00901,CUST00901,2023-08-07,8744.0,Theft,Rejected
CLM00902,POL00902,CUST00902,2023-10-06,9165.88,Fire,Pending
CLM00903,POL00903,CUST00903,2023-03-17,17495.24,Fire,Pending
CLM00904,POL00904,CUST00904,2023-01-23,13012.02,Collision,Approved
CLM00905,POL00905,CUST00905,2023-07-12,10490.69,Theft,Pending
CLM00906,POL00906,CUST00906,2022-02-14,5355.44,Theft,Rejected
CLM00907,POL00907,CUST00907,2023-08-17,16020.7,Theft,Approved
CLM00908,POL00908,CUST00908,2022-12-18,19012.13,Theft,Approved
CLM00909,POL00909,CUST00909,2023-08-19,14810.79,Fire,Pending
CLM00910,POL00910,CUST00910,2023-04-25,2883.05,Fire,Rejected
CLM00911,POL00911,CUST00911,2023-03-24,14096.29,Theft,Pending
CLM00912,POL00912,CUST00912,2023-02-02,12960.09,Collision,Pending
CLM00913,POL00913,CUST00913,2022-08-19,16019.54,Fire,Pending
CLM00914,POL00914,CUST00914,2023-02-20,2675.96,Collision,Pending
CLM00915,POL00915,CUST00915,2023-11-27,17082.83,Vandalism,Rejected
CLM00916,POL00916,CUST00916,2023-01-13,15594.77,Theft,Rejected
CLM00917,POL00917,CUST00917,2022-04-27,19338.72,Fire,Approved
CLM00918,POL00918,CUST00918,2023-10-28,6384.32,Collision,Rejected
CLM00919,POL00919,CUST00919,2023-03-17,7512.16,Vandalism,Rejected
CLM00920,POL00920,CUST00920,2022-02-13,19662.59,Collision,Approved
CLM00921,POL00921,CUST00921,2023-05-29,11626.78,Theft,Approved
CLM00922,POL00922,CUST00922,2023-03-11,14352.58,Theft,Approved
CLM00923,POL00923,CUST00923,2022-06-16,14845.52,Theft,Rejected
CLM00924,POL00924,CUST00924,2023-08-18,5354.11,Theft,Rejected
CLM00925,POL00925,CUST00925,2023-03-05,19096.52,Theft,Rejected
CLM00926,POL00926,CUST00926,2022-06-04,14160.62,Vandalism,Rejected
CLM00927,POL00927,CUST00927,2022-05-09,13474.43,Collision,Rejected
CLM00928,POL00928,CUST00928,2022-01-02,1726.14,Theft,Pending
CLM00929,POL00929,CUST00929,2023-04-27,1126.2,Theft,Approved
CLM00930,POL00930,CUST00930,2022-05-24,13894.77,Theft,Approved
CLM00931,POL00931,CUST00931,2022-11-13,7229.83,Fire,Pending
CLM00932,POL00932,CUST00932,2023-05-10,12856.79,Theft,Approved
CLM00933,POL00933,CUST00933,2023-01-29,10042.58,Theft,Pending
CLM00934,POL00934,CUST00934,2022-06-18,12554.88,Collision,Approved
CLM00935,POL00935,CUST00935,2023-11-27,9951.99,Fire,Pending
CLM00936,POL00936,CUST00936,2023-02-24,12063.24,Fire,Pending
CLM00937,POL00937,CUST00937,2023-05-03,16730.5,Collision,Rejected
CLM00938,POL00938,CUST00938,2022-03-19,19079.07,Fire,Rejected
CLM00939,POL00939,CUST00939,2022-04-16,9841.1,Collision,Pending
CLM00940,POL00940,CUST00940,2023-06-20,19938.24,Fire,Rejected
CLM00941,POL00941,CUST00941,2023-04-28,15811.24,Vandalism,Pending
CLM00942,POL00942,CUST00942,2022-01-02,4693.34,Vandalism,Approved
CLM00943,POL00943,CUST00943,2022-03-17,6373.5,Theft,Approved
CLM00944,POL00944,CUST00944,2022-11-20,17655.88,Collision,Rejected
CLM00945,POL00945,CUST00945,2023-02-15,6834.8,Theft,Pending
CLM00946,POL00946,CUST00946,2022-06-20,14733.61,Theft,Approved
CLM00947,POL00947,CUST00947,2022-05-01,15104.75,Theft,Approved
CLM00948,POL00948,CUST00948,2022-04-20,12119.58,Fire,Rejected
CLM00949,POL00949,CUST00949,2022-12-13,6064.39,Vandalism,Approved
CLM00950,POL00950,CUST00950,2022-12-24,17551.11,Vandalism,Rejected
CLM00951,POL00951,CUST00951,2022-08-14,16460.43,Theft,Pending
CLM00952,POL00952,CUST00952,2022-07-13,1559.51,Vandalism,Pending
CLM00953,POL00953,CUST00953,2022-02-24,8145.0,Fire,Pending
CLM00954,POL00954,CUST00954,2023-09-03,12193.55,Fire,Rejected
CLM00955,POL00955,CUST00955,2023-10-14,207.91,Collision,Rejected
CLM00956,POL00956,CUST00956,2022-09-26,14852.83,Vandalism,Pending
CLM00957,POL00957,CUST00957,2022-10-14,11156.83,Fire,Pending
CLM00958,POL00958,CUST00958,2022-11-12,4186.5,Collision,Pending
CLM00959,POL00959,CUST00959,2023-05-18,1813.19,Fire,Approved
CLM00960,POL00960,CUST00960,2022-07-01,17354.85,Collision,Pending
CLM00961,POL00961,CUST00961,2023-11-08,14709.55,Vandalism,Pending
CLM00962,POL00962,CUST00962,2023-12-14,16664.19,Collision,Rejected
CLM00963,POL00963,CUST00963,2022-06-11,9292.21,Vandalism,Rejected
CLM00964,POL00964,CUST00964,2023-06-07,10121.11,Collision,Pending
CLM00965,POL00965,CUST00965,2022-11-06,2431.92,Theft,Approved
CLM00966,POL00966,CUST00966,2022-06-13,4753.93,Collision,Approved
CLM00967,POL00967,CUST00967,2022-07-03,7104.88,Vandalism,Rejected
CLM00968,POL00968,CUST00968,2022-10-30,2342.17,Collision,Approved
CLM00969,POL00969,CUST00969,2022-12-10,2627.5,Collision,Pending
CLM00970,POL00970,CUST00970,2023-02-15,17180.75,Fire,Rejected
CLM00971,POL00971,CUST00971,2023-12-18,13246.85,Theft,Rejected
CLM00972,POL00972,CUST00972,2023-08-01,4216.69,Vandalism,Rejected
CLM00973,POL00973,CUST00973,2023-10-21,14433.73,Vandalism,Rejected
CLM00974,POL00974,CUST00974,2022-03-26,9450.91,Theft,Pending
CLM00975,POL00975,CUST00975,2022-03-16,11750.54,Theft,Pending
CLM00976,POL00976,CUST00976,2023-04-17,2649.84,Vandalism,Rejected
CLM00977,POL00977,CUST00977,2022-07-09,18083.84,Theft,Rejected
CLM00978,POL00978,CUST00978,2022-08-02,15874.82,Theft,Approved
CLM00979,POL00979,CUST00979,2022-06-29,327.24,Vandalism,Pending
CLM00980,POL00980,CUST00980,2022-02-05,5782.17,Collision,Rejected
CLM00981,POL00981,CUST00981,2023-05-07,16032.85,Theft,Rejected
CLM00982,POL00982,CUST00982,2023-06-10,15995.02,Theft,Rejected
CLM00983,POL00983,CUST00983,2023-01-31,12537.04,Collision,Approved
CLM00984,POL00984,CUST00984,2022-06-19,6653.18,Fire,Approved
CLM00985,POL00985,CUST00985,2023-07-21,5558.84,Fire,Approved
CLM00986,POL00986,CUST00986,2023-07-05,9918.32,Collision,Pending
CLM00987,POL00987,CUST00987,2023-07-01,16402.64,Collision,Approved
CLM00988,POL00988,CUST00988,2023-05-18,15539.11,Vandalism,Approved
CLM00989,POL00989,CUST00989,2023-09-07,3263.42,Vandalism,Pending
CLM00990,POL00990,CUST00990,2022-04-04,5189.77,Vandalism,Approved
CLM00991,POL00991,CUST00991,2022-04-03,15535.63,Fire,Approved
CLM00992,POL00992,CUST00992,2023-05-07,9564.13,Fire,Pending
CLM00993,POL00993,CUST00993,2022-04-05,10574.87,Fire,Pending
CLM00994,POL00994,CUST00994,2023-07-12,4073.11,Fire,Pending
CLM00995,POL00995,CUST00995,2022-09-29,19346.01,Collision,Approved
CLM00996,POL00996,CUST00996,2023-04-01,7717.31,Vandalism,Rejected
CLM00997,POL00997,CUST00997,2022-01-01,3229.91,Collision,Approved
CLM00998,POL00998,CUST00998,2023-06-29,16656.19,Collision,Approved
CLM00999,POL00999,CUST00999,2023-09-28,8050.08,Fire,Rejected
CLM01000,POL01000,CUST01000,2023-04-07,5562.35,Theft,Pending
