customer_id,first_name,last_name,gender,dob,email,phone,city,state,zip_code
CUST00001,Name0,Surname0,Female,1979-11-14,user0@mail.com,9999900000,Seattle,WA,78737
CUST00002,Name1,Surname1,Male,1982-04-27,user1@mail.com,9999900001,Dallas,NY,14009
CUST00003,Name2,Surname2,Male,1979-05-12,user2@mail.com,9999900002,Seattle,WA,85352
CUST00004,Name3,Surname3,Male,1972-06-03,user3@mail.com,9999900003,Dallas,TX,98728
CUST00005,Name4,Surname4,Female,1994-10-25,user4@mail.com,9999900004,Seattle,FL,44184
CUST00006,Name5,Surname5,Male,1996-05-14,user5@mail.com,9999900005,Miami,FL,39811
CUST00007,Name6,Surname6,Female,1979-06-09,user6@mail.com,9999900006,New York,WA,34934
CUST00008,Name7,Surname7,Female,1989-12-02,user7@mail.com,9999900007,Seattle,WA,96987
CUST00009,Name8,Surname8,Male,1978-07-31,user8@mail.com,9999900008,Seattle,TX,46741
CUST00010,Name9,Surname9,Male,1972-01-20,user9@mail.com,9999900009,Seattle,WA,12012
CUST00011,Name10,Surname10,Male,1976-12-18,user10@mail.com,9999900010,Seattle,NY,80031
CUST00012,Name11,Surname11,Male,1999-08-18,user11@mail.com,9999900011,Seattle,FL,92631
CUST00013,Name12,Surname12,Male,1975-02-26,user12@mail.com,9999900012,Seattle,NY,24627
CUST00014,Name13,Surname13,Male,1983-09-17,user13@mail.com,9999900013,Los Angeles,CA,12492
CUST00015,Name14,Surname14,Female,1988-07-08,user14@mail.com,9999900014,Miami,FL,22312
CUST00016,Name15,Surname15,Male,1979-10-24,user15@mail.com,9999900015,Seattle,NY,31822
CUST00017,Name16,Surname16,Male,1986-06-21,user16@mail.com,9999900016,Miami,CA,14706
CUST00018,Name17,Surname17,Male,1995-10-06,user17@mail.com,9999900017,New York,NY,96421
CUST00019,Name18,Surname18,Male,1974-10-03,user18@mail.com,9999900018,Miami,CA,79840
CUST00020,Name19,Surname19,Male,1995-01-09,user19@mail.com,9999900019,Los Angeles,TX,57981
CUST00021,Name20,Surname20,Male,1978-07-25,user20@mail.com,9999900020,New York,CA,74493
CUST00022,Name21,Surname21,Male,1971-12-23,user21@mail.com,9999900021,Seattle,TX,56003
CUST00023,Name22,Surname22,Female,1983-08-08,user22@mail.com,9999900022,Miami,CA,64969
CUST00024,Name23,Surname23,Male,1998-08-10,user23@mail.com,9999900023,Los Angeles,WA,19715
CUST00025,Name24,Surname24,Male,1999-02-10,user24@mail.com,9999900024,Dallas,FL,38478
CUST00026,Name25,Surname25,Male,1996-02-20,user25@mail.com,9999900025,New York,TX,44547
CUST00027,Name26,Surname26,Female,1989-02-06,user26@mail.com,9999900026,Dallas,FL,10895
CUST00028,Name27,Surname27,Female,1992-04-22,user27@mail.com,9999900027,Dallas,TX,44546
CUST00029,Name28,Surname28,Male,1997-05-05,user28@mail.com,9999900028,Miami,WA,32050
CUST00030,Name29,Surname29,Female,1997-05-31,user29@mail.com,9999900029,Miami,TX,63900
CUST00031,Name30,Surname30,Female,1978-03-24,user30@mail.com,9999900030,Seattle,NY,97968
CUST00032,Name31,Surname31,Male,1983-06-07,user31@mail.com,9999900031,New York,WA,41334
CUST00033,Name32,Surname32,Male,1973-06-08,user32@mail.com,9999900032,Miami,FL,66376
CUST00034,Name33,Surname33,Male,1998-04-25,user33@mail.com,9999900033,Seattle,TX,24432
CUST00035,Name34,Surname34,Female,1985-10-20,user34@mail.com,9999900034,Miami,CA,83637
CUST00036,Name35,Surname35,Male,1999-07-04,user35@mail.com,9999900035,New York,NY,17959
CUST00037,Name36,Surname36,Male,1977-09-04,user36@mail.com,9999900036,Dallas,FL,35297
CUST00038,Name37,Surname37,Female,1986-03-05,user37@mail.com,9999900037,Seattle,NY,85131
CUST00039,Name38,Surname38,Female,1984-06-04,user38@mail.com,9999900038,Dallas,NY,53280
CUST00040,Name39,Surname39,Female,1978-08-23,user39@mail.com,9999900039,Miami,TX,11729
CUST00041,Name40,Surname40,Male,1974-06-23,user40@mail.com,9999900040,Miami,FL,14102
CUST00042,Name41,Surname41,Female,1986-08-22,user41@mail.com,9999900041,Miami,WA,16023
CUST00043,Name42,Surname42,Female,1980-08-21,user42@mail.com,9999900042,Dallas,TX,16921
CUST00044,Name43,Surname43,Male,1996-01-11,user43@mail.com,9999900043,Los Angeles,CA,35734
CUST00045,Name44,Surname44,Male,1996-08-02,user44@mail.com,9999900044,Miami,NY,85718
CUST00046,Name45,Surname45,Male,1986-08-01,user45@mail.com,9999900045,Miami,TX,60891
CUST00047,Name46,Surname46,Female,1988-07-01,user46@mail.com,9999900046,Dallas,FL,18641
CUST00048,Name47,Surname47,Female,1990-04-01,user47@mail.com,9999900047,New York,CA,19912
CUST00049,Name48,Surname48,Female,1981-10-07,user48@mail.com,9999900048,New York,CA,37257
CUST00050,Name49,Surname49,Male,1991-10-20,user49@mail.com,9999900049,Miami,FL,89270
CUST00051,Name50,Surname50,Male,1970-08-29,user50@mail.com,9999900050,Miami,TX,21040
CUST00052,Name51,Surname51,Female,1975-09-24,user51@mail.com,9999900051,New York,FL,82690
CUST00053,Name52,Surname52,Male,1996-10-29,user52@mail.com,9999900052,Los Angeles,WA,40672
CUST00054,Name53,Surname53,Male,1986-08-15,user53@mail.com,9999900053,Los Angeles,NY,19079
CUST00055,Name54,Surname54,Female,1976-12-17,user54@mail.com,9999900054,Dallas,FL,86172
CUST00056,Name55,Surname55,Male,1993-06-02,user55@mail.com,9999900055,Dallas,FL,14520
CUST00057,Name56,Surname56,Male,1983-10-30,user56@mail.com,9999900056,New York,WA,90921
CUST00058,Name57,Surname57,Female,1992-05-21,user57@mail.com,9999900057,Miami,NY,29481
CUST00059,Name58,Surname58,Male,1982-10-25,user58@mail.com,9999900058,Los Angeles,TX,32259
CUST00060,Name59,Surname59,Male,1971-03-04,user59@mail.com,9999900059,Seattle,NY,91606
CUST00061,Name60,Surname60,Female,1978-01-31,user60@mail.com,9999900060,Dallas,FL,74409
CUST00062,Name61,Surname61,Female,1975-12-08,user61@mail.com,9999900061,Miami,WA,65070
CUST00063,Name62,Surname62,Male,1989-04-01,user62@mail.com,9999900062,Dallas,WA,93387
CUST00064,Name63,Surname63,Male,1995-04-29,user63@mail.com,9999900063,New York,CA,70140
CUST00065,Name64,Surname64,Female,1991-11-10,user64@mail.com,9999900064,Dallas,TX,43248
CUST00066,Name65,Surname65,Female,1976-06-23,user65@mail.com,9999900065,Seattle,CA,34189
CUST00067,Name66,Surname66,Male,1983-12-13,user66@mail.com,9999900066,Seattle,CA,17565
CUST00068,Name67,Surname67,Male,1971-11-17,user67@mail.com,9999900067,Los Angeles,TX,16192
CUST00069,Name68,Surname68,Female,1998-03-24,user68@mail.com,9999900068,Dallas,FL,95930
CUST00070,Name69,Surname69,Female,1996-03-01,user69@mail.com,9999900069,New York,TX,23706
CUST00071,Name70,Surname70,Male,1996-07-10,user70@mail.com,9999900070,New York,TX,63751
CUST00072,Name71,Surname71,Male,1998-12-07,user71@mail.com,9999900071,Dallas,WA,41329
CUST00073,Name72,Surname72,Male,1971-07-10,user72@mail.com,9999900072,Miami,CA,33908
CUST00074,Name73,Surname73,Female,1996-05-06,user73@mail.com,9999900073,Miami,WA,82787
CUST00075,Name74,Surname74,Female,1990-09-27,user74@mail.com,9999900074,Los Angeles,NY,28278
CUST00076,Name75,Surname75,Male,1996-12-15,user75@mail.com,9999900075,Dallas,NY,63339
CUST00077,Name76,Surname76,Male,1998-11-02,user76@mail.com,9999900076,Miami,CA,12171
CUST00078,Name77,Surname77,Female,1970-02-07,user77@mail.com,9999900077,Seattle,TX,38412
CUST00079,Name78,Surname78,Female,1987-11-25,user78@mail.com,9999900078,Miami,TX,40503
CUST00080,Name79,Surname79,Male,1972-12-29,user79@mail.com,9999900079,Miami,CA,61857
CUST00081,Name80,Surname80,Female,1981-06-05,user80@mail.com,9999900080,New York,WA,92165
CUST00082,Name81,Surname81,Male,1977-01-20,user81@mail.com,9999900081,New York,NY,44723
CUST00083,Name82,Surname82,Male,1975-01-09,user82@mail.com,9999900082,Miami,FL,39050
CUST00084,Name83,Surname83,Female,1981-05-09,user83@mail.com,9999900083,New York,NY,51500
CUST00085,Name84,Surname84,Female,1981-08-15,user84@mail.com,9999900084,Los Angeles,CA,76016
CUST00086,Name85,Surname85,Male,1984-06-12,user85@mail.com,9999900085,Dallas,CA,27929
CUST00087,Name86,Surname86,Female,1973-11-13,user86@mail.com,9999900086,New York,NY,45994
CUST00088,Name87,Surname87,Female,1987-05-19,user87@mail.com,9999900087,New York,WA,56325
CUST00089,Name88,Surname88,Male,1976-08-23,user88@mail.com,9999900088,Seattle,CA,95715
CUST00090,Name89,Surname89,Male,1978-03-03,user89@mail.com,9999900089,Los Angeles,WA,69307
CUST00091,Name90,Surname90,Male,1980-05-10,user90@mail.com,9999900090,New York,CA,33184
CUST00092,Name91,Surname91,Female,1991-06-05,user91@mail.com,9999900091,Seattle,CA,50461
CUST00093,Name92,Surname92,Female,1991-11-14,user92@mail.com,9999900092,Miami,WA,38002
CUST00094,Name93,Surname93,Female,1997-08-28,user93@mail.com,9999900093,Los Angeles,NY,98068
CUST00095,Name94,Surname94,Male,1973-11-08,user94@mail.com,9999900094,New York,FL,43841
CUST00096,Name95,Surname95,Male,1996-03-31,user95@mail.com,9999900095,Dallas,FL,36159
CUST00097,Name96,Surname96,Male,1983-08-07,user96@mail.com,9999900096,Dallas,NY,43557
CUST00098,Name97,Surname97,Male,1982-02-28,user97@mail.com,9999900097,Los Angeles,NY,46157
CUST00099,Name98,Surname98,Female,1987-05-18,user98@mail.com,9999900098,Dallas,FL,33822
CUST00100,Name99,Surname99,Male,1988-06-09,user99@mail.com,9999900099,Seattle,WA,95905
CUST00101,Name100,Surname100,Female,1993-02-05,user100@mail.com,9999900100,Dallas,NY,13782
CUST00102,Name101,Surname101,Male,1989-02-11,user101@mail.com,9999900101,New York,CA,64009
CUST00103,Name102,Surname102,Female,1985-11-26,user102@mail.com,9999900102,Seattle,CA,54905
CUST00104,Name103,Surname103,Female,1979-08-02,user103@mail.com,9999900103,Seattle,TX,47670
CUST00105,Name104,Surname104,Male,1972-02-29,user104@mail.com,9999900104,Los Angeles,FL,52212
CUST00106,Name105,Surname105,Female,1986-09-16,user105@mail.com,9999900105,New York,TX,55782
CUST00107,Name106,Surname106,Female,1970-12-30,user106@mail.com,9999900106,Dallas,NY,37651
CUST00108,Name107,Surname107,Male,1999-02-15,user107@mail.com,9999900107,Dallas,FL,65585
CUST00109,Name108,Surname108,Male,1980-02-03,user108@mail.com,9999900108,Miami,WA,80912
CUST00110,Name109,Surname109,Female,1991-07-31,user109@mail.com,9999900109,Seattle,FL,82170
CUST00111,Name110,Surname110,Male,1998-04-03,user110@mail.com,9999900110,Miami,TX,93504
CUST00112,Name111,Surname111,Male,1990-12-18,user111@mail.com,9999900111,New York,CA,37117
CUST00113,Name112,Surname112,Male,1985-08-01,user112@mail.com,9999900112,Los Angeles,WA,92649
CUST00114,Name113,Surname113,Female,1982-10-20,user113@mail.com,9999900113,Dallas,FL,32263
CUST00115,Name114,Surname114,Male,1991-12-10,user114@mail.com,9999900114,Seattle,CA,45288
CUST00116,Name115,Surname115,Male,1987-10-09,user115@mail.com,9999900115,Miami,NY,99149
CUST00117,Name116,Surname116,Female,1991-12-17,user116@mail.com,9999900116,New York,FL,14979
CUST00118,Name117,Surname117,Male,1996-06-24,user117@mail.com,9999900117,Dallas,WA,35906
CUST00119,Name118,Surname118,Female,1978-08-31,user118@mail.com,9999900118,Miami,FL,18348
CUST00120,Name119,Surname119,Male,1994-05-14,user119@mail.com,9999900119,Seattle,WA,30812
CUST00121,Name120,Surname120,Male,1989-07-01,user120@mail.com,9999900120,Los Angeles,TX,89983
CUST00122,Name121,Surname121,Female,1975-01-28,user121@mail.com,9999900121,Seattle,TX,43803
CUST00123,Name122,Surname122,Female,1991-05-11,user122@mail.com,9999900122,Los Angeles,TX,58473
CUST00124,Name123,Surname123,Male,1972-03-23,user123@mail.com,9999900123,Los Angeles,TX,53197
CUST00125,Name124,Surname124,Female,1989-03-20,user124@mail.com,9999900124,Dallas,CA,77912
CUST00126,Name125,Surname125,Female,1988-02-27,user125@mail.com,9999900125,Seattle,TX,95473
CUST00127,Name126,Surname126,Male,1994-06-07,user126@mail.com,9999900126,Los Angeles,NY,32096
CUST00128,Name127,Surname127,Male,1987-06-17,user127@mail.com,9999900127,Miami,CA,47541
CUST00129,Name128,Surname128,Male,1993-05-03,user128@mail.com,9999900128,New York,TX,71326
CUST00130,Name129,Surname129,Male,1992-09-09,user129@mail.com,9999900129,Los Angeles,NY,56332
CUST00131,Name130,Surname130,Female,1976-04-19,user130@mail.com,9999900130,Los Angeles,NY,28926
CUST00132,Name131,Surname131,Male,1990-08-11,user131@mail.com,9999900131,Los Angeles,NY,54362
CUST00133,Name132,Surname132,Female,1976-02-20,user132@mail.com,9999900132,Los Angeles,FL,65535
CUST00134,Name133,Surname133,Female,1991-05-17,user133@mail.com,9999900133,Seattle,FL,79289
CUST00135,Name134,Surname134,Female,1973-01-16,user134@mail.com,9999900134,Los Angeles,CA,29020
CUST00136,Name135,Surname135,Male,1981-09-24,user135@mail.com,9999900135,Dallas,FL,72948
CUST00137,Name136,Surname136,Male,1982-08-30,user136@mail.com,9999900136,Miami,WA,51452
CUST00138,Name137,Surname137,Male,1996-11-01,user137@mail.com,9999900137,Seattle,WA,59572
CUST00139,Name138,Surname138,Male,1988-09-16,user138@mail.com,9999900138,Dallas,FL,31242
CUST00140,Name139,Surname139,Male,1998-09-17,user139@mail.com,9999900139,New York,NY,83032
CUST00141,Name140,Surname140,Female,1988-07-26,user140@mail.com,9999900140,Dallas,FL,29147
CUST00142,Name141,Surname141,Female,1979-02-09,user141@mail.com,9999900141,Los Angeles,TX,55345
CUST00143,Name142,Surname142,Male,1981-05-09,user142@mail.com,9999900142,Seattle,NY,82303
CUST00144,Name143,Surname143,Male,1976-07-08,user143@mail.com,9999900143,Seattle,CA,50975
CUST00145,Name144,Surname144,Female,1994-09-29,user144@mail.com,9999900144,Los Angeles,CA,18722
CUST00146,Name145,Surname145,Male,1989-07-04,user145@mail.com,9999900145,New York,CA,30048
CUST00147,Name146,Surname146,Female,1996-11-25,user146@mail.com,9999900146,New York,FL,18348
CUST00148,Name147,Surname147,Female,1983-05-01,user147@mail.com,9999900147,Seattle,FL,23581
CUST00149,Name148,Surname148,Female,1997-05-26,user148@mail.com,9999900148,Miami,TX,67651
CUST00150,Name149,Surname149,Male,1984-02-16,user149@mail.com,9999900149,Dallas,WA,68054
CUST00151,Name150,Surname150,Female,1980-11-15,user150@mail.com,9999900150,Los Angeles,CA,86851
CUST00152,Name151,Surname151,Female,1975-03-17,user151@mail.com,9999900151,Miami,WA,35956
CUST00153,Name152,Surname152,Male,1993-08-14,user152@mail.com,9999900152,Dallas,FL,50935
CUST00154,Name153,Surname153,Female,1975-04-11,user153@mail.com,9999900153,Seattle,CA,69999
CUST00155,Name154,Surname154,Male,1992-09-22,user154@mail.com,9999900154,Seattle,NY,36148
CUST00156,Name155,Surname155,Female,1971-03-09,user155@mail.com,9999900155,Seattle,FL,69944
CUST00157,Name156,Surname156,Female,1991-09-26,user156@mail.com,9999900156,Seattle,WA,93743
CUST00158,Name157,Surname157,Male,1971-06-23,user157@mail.com,9999900157,Dallas,CA,83068
CUST00159,Name158,Surname158,Male,1987-01-10,user158@mail.com,9999900158,New York,TX,47988
CUST00160,Name159,Surname159,Male,1973-03-27,user159@mail.com,9999900159,Dallas,CA,18880
CUST00161,Name160,Surname160,Female,1974-02-22,user160@mail.com,9999900160,Los Angeles,WA,72433
CUST00162,Name161,Surname161,Male,1975-10-04,user161@mail.com,9999900161,Dallas,CA,92161
CUST00163,Name162,Surname162,Male,1996-08-10,user162@mail.com,9999900162,Miami,NY,12339
CUST00164,Name163,Surname163,Male,1977-08-22,user163@mail.com,9999900163,Miami,TX,37969
CUST00165,Name164,Surname164,Female,1993-07-02,user164@mail.com,9999900164,Dallas,FL,58651
CUST00166,Name165,Surname165,Male,1973-11-03,user165@mail.com,9999900165,Miami,TX,10373
CUST00167,Name166,Surname166,Male,1995-09-09,user166@mail.com,9999900166,Dallas,NY,13068
CUST00168,Name167,Surname167,Male,1997-11-16,user167@mail.com,9999900167,Miami,WA,30212
CUST00169,Name168,Surname168,Male,1987-02-18,user168@mail.com,9999900168,Seattle,CA,58188
CUST00170,Name169,Surname169,Male,1975-06-12,user169@mail.com,9999900169,Seattle,NY,30586
CUST00171,Name170,Surname170,Female,1999-11-21,user170@mail.com,9999900170,Seattle,TX,20580
CUST00172,Name171,Surname171,Female,1999-11-23,user171@mail.com,9999900171,New York,NY,34387
CUST00173,Name172,Surname172,Male,1989-08-26,user172@mail.com,9999900172,Miami,NY,46756
CUST00174,Name173,Surname173,Male,1978-02-15,user173@mail.com,9999900173,Los Angeles,NY,26839
CUST00175,Name174,Surname174,Male,1996-08-21,user174@mail.com,9999900174,Dallas,FL,22396
CUST00176,Name175,Surname175,Female,1999-11-02,user175@mail.com,9999900175,Los Angeles,WA,23693
CUST00177,Name176,Surname176,Male,1985-02-05,user176@mail.com,9999900176,Dallas,TX,59508
CUST00178,Name177,Surname177,Female,1990-11-29,user177@mail.com,9999900177,Los Angeles,WA,90760
CUST00179,Name178,Surname178,Male,1984-02-11,user178@mail.com,9999900178,Miami,NY,32347
CUST00180,Name179,Surname179,Female,1970-12-03,user179@mail.com,9999900179,Los Angeles,NY,40537
CUST00181,Name180,Surname180,Male,1985-09-17,user180@mail.com,9999900180,Los Angeles,CA,57853
CUST00182,Name181,Surname181,Male,1988-10-31,user181@mail.com,9999900181,Dallas,TX,50115
CUST00183,Name182,Surname182,Male,1985-08-04,user182@mail.com,9999900182,Dallas,WA,68373
CUST00184,Name183,Surname183,Female,1972-02-04,user183@mail.com,9999900183,Seattle,NY,42198
CUST00185,Name184,Surname184,Female,1985-01-30,user184@mail.com,9999900184,Miami,WA,12257
CUST00186,Name185,Surname185,Male,1973-05-09,user185@mail.com,9999900185,New York,CA,85027
CUST00187,Name186,Surname186,Female,1989-08-26,user186@mail.com,9999900186,New York,TX,84673
CUST00188,Name187,Surname187,Female,1993-07-06,user187@mail.com,9999900187,Dallas,WA,84526
CUST00189,Name188,Surname188,Female,1974-05-16,user188@mail.com,9999900188,New York,WA,64695
CUST00190,Name189,Surname189,Male,1990-05-08,user189@mail.com,9999900189,Miami,NY,35899
CUST00191,Name190,Surname190,Male,1978-01-25,user190@mail.com,9999900190,New York,TX,47261
CUST00192,Name191,Surname191,Male,1975-01-09,user191@mail.com,9999900191,New York,WA,62224
CUST00193,Name192,Surname192,Female,1984-04-03,user192@mail.com,9999900192,Seattle,TX,72302
CUST00194,Name193,Surname193,Male,1970-01-01,user193@mail.com,9999900193,Dallas,WA,55838
CUST00195,Name194,Surname194,Female,1995-03-13,user194@mail.com,9999900194,New York,NY,77986
CUST00196,Name195,Surname195,Male,1975-12-06,user195@mail.com,9999900195,Los Angeles,TX,64984
CUST00197,Name196,Surname196,Female,1990-04-15,user196@mail.com,9999900196,New York,TX,85347
CUST00198,Name197,Surname197,Female,1971-11-30,user197@mail.com,9999900197,Miami,FL,42856
CUST00199,Name198,Surname198,Female,1976-07-03,user198@mail.com,9999900198,Miami,WA,53512
CUST00200,Name199,Surname199,Male,1973-10-06,user199@mail.com,9999900199,Los Angeles,NY,71734
CUST00201,Name200,Surname200,Female,1971-03-24,user200@mail.com,9999900200,Seattle,FL,60683
CUST00202,Name201,Surname201,Male,1979-07-28,user201@mail.com,9999900201,Dallas,FL,14224
CUST00203,Name202,Surname202,Male,1988-07-08,user202@mail.com,9999900202,Miami,NY,95857
CUST00204,Name203,Surname203,Male,1983-11-16,user203@mail.com,9999900203,Los Angeles,NY,80905
CUST00205,Name204,Surname204,Female,1971-10-10,user204@mail.com,9999900204,Los Angeles,WA,64008
CUST00206,Name205,Surname205,Male,1983-02-16,user205@mail.com,9999900205,New York,WA,88229
CUST00207,Name206,Surname206,Male,1981-02-22,user206@mail.com,9999900206,Seattle,NY,81166
CUST00208,Name207,Surname207,Female,1975-11-28,user207@mail.com,9999900207,Los Angeles,CA,43316
CUST00209,Name208,Surname208,Female,1979-04-06,user208@mail.com,9999900208,Seattle,WA,23125
CUST00210,Name209,Surname209,Male,1989-11-21,user209@mail.com,9999900209,Dallas,CA,53410
CUST00211,Name210,Surname210,Male,1992-12-14,user210@mail.com,9999900210,Dallas,NY,70561
CUST00212,Name211,Surname211,Male,1994-07-25,user211@mail.com,9999900211,Seattle,FL,71650
CUST00213,Name212,Surname212,Male,1975-06-08,user212@mail.com,9999900212,Miami,FL,65666
CUST00214,Name213,Surname213,Female,1994-03-23,user213@mail.com,9999900213,New York,WA,24219
CUST00215,Name214,Surname214,Male,1995-07-19,user214@mail.com,9999900214,Los Angeles,TX,65317
CUST00216,Name215,Surname215,Male,1979-09-10,user215@mail.com,9999900215,Los Angeles,NY,40815
CUST00217,Name216,Surname216,Female,1998-06-03,user216@mail.com,9999900216,Miami,WA,71488
CUST00218,Name217,Surname217,Female,1992-02-12,user217@mail.com,9999900217,Los Angeles,TX,53492
CUST00219,Name218,Surname218,Male,1995-10-04,user218@mail.com,9999900218,Dallas,NY,37003
CUST00220,Name219,Surname219,Male,1981-05-03,user219@mail.com,9999900219,New York,CA,95765
CUST00221,Name220,Surname220,Male,1993-11-07,user220@mail.com,9999900220,Seattle,FL,45387
CUST00222,Name221,Surname221,Female,1993-02-27,user221@mail.com,9999900221,Los Angeles,TX,60060
CUST00223,Name222,Surname222,Female,1978-06-02,user222@mail.com,9999900222,Dallas,NY,46232
CUST00224,Name223,Surname223,Female,1987-01-22,user223@mail.com,9999900223,Los Angeles,NY,64662
CUST00225,Name224,Surname224,Male,1985-02-03,user224@mail.com,9999900224,Dallas,CA,85726
CUST00226,Name225,Surname225,Female,1974-08-27,user225@mail.com,9999900225,New York,CA,63589
CUST00227,Name226,Surname226,Female,1993-07-21,user226@mail.com,9999900226,Miami,NY,85576
CUST00228,Name227,Surname227,Female,1977-11-19,user227@mail.com,9999900227,New York,NY,12009
CUST00229,Name228,Surname228,Female,1994-08-12,user228@mail.com,9999900228,Dallas,TX,17528
CUST00230,Name229,Surname229,Female,1973-05-21,user229@mail.com,9999900229,Miami,CA,41716
CUST00231,Name230,Surname230,Female,1985-12-16,user230@mail.com,9999900230,Dallas,TX,73164
CUST00232,Name231,Surname231,Male,1985-12-22,user231@mail.com,9999900231,Seattle,CA,11970
CUST00233,Name232,Surname232,Male,1982-04-30,user232@mail.com,9999900232,Dallas,WA,95038
CUST00234,Name233,Surname233,Female,1977-11-09,user233@mail.com,9999900233,Miami,TX,43523
CUST00235,Name234,Surname234,Male,1993-05-07,user234@mail.com,9999900234,Seattle,WA,68263
CUST00236,Name235,Surname235,Male,1989-12-27,user235@mail.com,9999900235,Los Angeles,FL,50104
CUST00237,Name236,Surname236,Male,1982-07-02,user236@mail.com,9999900236,Dallas,WA,41262
CUST00238,Name237,Surname237,Female,1996-07-23,user237@mail.com,9999900237,Miami,FL,84647
CUST00239,Name238,Surname238,Male,1981-08-19,user238@mail.com,9999900238,Seattle,NY,49063
CUST00240,Name239,Surname239,Male,1989-07-06,user239@mail.com,9999900239,Seattle,NY,69313
CUST00241,Name240,Surname240,Female,1997-09-22,user240@mail.com,9999900240,Los Angeles,NY,81617
CUST00242,Name241,Surname241,Male,1998-05-03,user241@mail.com,9999900241,New York,TX,95941
CUST00243,Name242,Surname242,Female,1995-10-18,user242@mail.com,9999900242,New York,NY,40487
CUST00244,Name243,Surname243,Female,1992-05-23,user243@mail.com,9999900243,Dallas,TX,15716
CUST00245,Name244,Surname244,Male,1974-10-25,user244@mail.com,9999900244,Miami,CA,62882
CUST00246,Name245,Surname245,Female,1978-03-25,user245@mail.com,9999900245,Los Angeles,TX,79108
CUST00247,Name246,Surname246,Female,1984-08-12,user246@mail.com,9999900246,Seattle,WA,27964
CUST00248,Name247,Surname247,Female,1972-05-13,user247@mail.com,9999900247,Seattle,CA,99707
CUST00249,Name248,Surname248,Female,1989-01-31,user248@mail.com,9999900248,Seattle,NY,56542
CUST00250,Name249,Surname249,Female,1993-07-01,user249@mail.com,9999900249,Dallas,CA,85874
CUST00251,Name250,Surname250,Female,1995-01-13,user250@mail.com,9999900250,Dallas,TX,31128
CUST00252,Name251,Surname251,Male,1992-05-25,user251@mail.com,9999900251,Dallas,CA,41619
CUST00253,Name252,Surname252,Male,1999-03-14,user252@mail.com,9999900252,Miami,CA,81911
CUST00254,Name253,Surname253,Female,1976-07-29,user253@mail.com,9999900253,Seattle,TX,97317
CUST00255,Name254,Surname254,Male,1970-12-04,user254@mail.com,9999900254,New York,TX,98835
CUST00256,Name255,Surname255,Female,1974-06-08,user255@mail.com,9999900255,Seattle,WA,28406
CUST00257,Name256,Surname256,Male,1974-01-11,user256@mail.com,9999900256,Miami,NY,15314
CUST00258,Name257,Surname257,Female,1982-10-28,user257@mail.com,9999900257,Seattle,CA,14255
CUST00259,Name258,Surname258,Female,1995-10-23,user258@mail.com,9999900258,Dallas,CA,25593
CUST00260,Name259,Surname259,Male,1993-11-15,user259@mail.com,9999900259,Miami,NY,38058
CUST00261,Name260,Surname260,Female,1980-09-02,user260@mail.com,9999900260,New York,FL,80982
CUST00262,Name261,Surname261,Female,1976-11-29,user261@mail.com,9999900261,New York,TX,50921
CUST00263,Name262,Surname262,Female,1974-11-18,user262@mail.com,9999900262,Seattle,TX,84363
CUST00264,Name263,Surname263,Female,1995-11-30,user263@mail.com,9999900263,Dallas,WA,36912
CUST00265,Name264,Surname264,Female,1988-07-31,user264@mail.com,9999900264,Los Angeles,WA,38382
CUST00266,Name265,Surname265,Male,1972-08-18,user265@mail.com,9999900265,Dallas,CA,59127
CUST00267,Name266,Surname266,Male,1974-03-09,user266@mail.com,9999900266,New York,FL,43878
CUST00268,Name267,Surname267,Male,1974-01-20,user267@mail.com,9999900267,Seattle,CA,41152
CUST00269,Name268,Surname268,Female,1995-05-12,user268@mail.com,9999900268,Los Angeles,TX,22606
CUST00270,Name269,Surname269,Female,1976-01-19,user269@mail.com,9999900269,Seattle,CA,24322
CUST00271,Name270,Surname270,Female,1976-07-28,user270@mail.com,9999900270,Los Angeles,TX,50611
CUST00272,Name271,Surname271,Female,1976-04-22,user271@mail.com,9999900271,Seattle,NY,19530
CUST00273,Name272,Surname272,Male,1985-06-23,user272@mail.com,9999900272,Los Angeles,TX,16308
CUST00274,Name273,Surname273,Female,1998-06-11,user273@mail.com,9999900273,New York,TX,86813
CUST00275,Name274,Surname274,Female,1993-11-08,user274@mail.com,9999900274,Seattle,FL,74543
CUST00276,Name275,Surname275,Male,1994-02-10,user275@mail.com,9999900275,Los Angeles,WA,16387
CUST00277,Name276,Surname276,Female,1988-07-01,user276@mail.com,9999900276,Seattle,NY,17819
CUST00278,Name277,Surname277,Male,1986-04-27,user277@mail.com,9999900277,Miami,TX,94910
CUST00279,Name278,Surname278,Male,1972-05-31,user278@mail.com,9999900278,Miami,CA,38358
CUST00280,Name279,Surname279,Female,1992-08-25,user279@mail.com,9999900279,Seattle,FL,45207
CUST00281,Name280,Surname280,Male,1984-06-10,user280@mail.com,9999900280,Seattle,TX,17075
CUST00282,Name281,Surname281,Female,1990-04-21,user281@mail.com,9999900281,New York,TX,31877
CUST00283,Name282,Surname282,Female,1995-07-25,user282@mail.com,9999900282,Los Angeles,CA,80280
CUST00284,Name283,Surname283,Male,1971-09-17,user283@mail.com,9999900283,Los Angeles,CA,37607
CUST00285,Name284,Surname284,Male,1982-06-30,user284@mail.com,9999900284,Seattle,WA,19437
CUST00286,Name285,Surname285,Male,1978-08-26,user285@mail.com,9999900285,Los Angeles,WA,42614
CUST00287,Name286,Surname286,Male,1981-04-11,user286@mail.com,9999900286,Los Angeles,WA,33879
CUST00288,Name287,Surname287,Male,1980-12-14,user287@mail.com,9999900287,New York,WA,19338
CUST00289,Name288,Surname288,Male,1990-12-07,user288@mail.com,9999900288,Miami,WA,10888
CUST00290,Name289,Surname289,Male,1979-07-29,user289@mail.com,9999900289,New York,NY,56257
CUST00291,Name290,Surname290,Male,1986-01-22,user290@mail.com,9999900290,Seattle,TX,92067
CUST00292,Name291,Surname291,Male,1975-01-14,user291@mail.com,9999900291,Seattle,NY,66072
CUST00293,Name292,Surname292,Male,1970-05-10,user292@mail.com,9999900292,Dallas,CA,23393
CUST00294,Name293,Surname293,Female,1993-11-14,user293@mail.com,9999900293,Dallas,FL,88998
CUST00295,Name294,Surname294,Female,1992-12-18,user294@mail.com,9999900294,Los Angeles,CA,61977
CUST00296,Name295,Surname295,Male,1997-06-23,user295@mail.com,9999900295,New York,TX,26992
CUST00297,Name296,Surname296,Male,1974-07-21,user296@mail.com,9999900296,New York,TX,35697
CUST00298,Name297,Surname297,Female,1974-12-20,user297@mail.com,9999900297,Seattle,FL,18737
CUST00299,Name298,Surname298,Male,1972-05-25,user298@mail.com,9999900298,New York,FL,34421
CUST00300,Name299,Surname299,Male,1996-01-21,user299@mail.com,9999900299,Seattle,WA,11929
CUST00301,Name300,Surname300,Female,1976-01-30,user300@mail.com,9999900300,Dallas,NY,99874
CUST00302,Name301,Surname301,Female,1973-09-07,user301@mail.com,9999900301,Miami,NY,81961
CUST00303,Name302,Surname302,Male,1997-07-11,user302@mail.com,9999900302,Seattle,TX,94169
CUST00304,Name303,Surname303,Male,1997-05-01,user303@mail.com,9999900303,Los Angeles,CA,67711
CUST00305,Name304,Surname304,Female,1993-08-13,user304@mail.com,9999900304,New York,CA,99460
CUST00306,Name305,Surname305,Female,1976-10-07,user305@mail.com,9999900305,Dallas,TX,74257
CUST00307,Name306,Surname306,Female,1993-07-10,user306@mail.com,9999900306,New York,CA,16132
CUST00308,Name307,Surname307,Male,1986-11-02,user307@mail.com,9999900307,Los Angeles,TX,13164
CUST00309,Name308,Surname308,Male,1995-06-13,user308@mail.com,9999900308,Los Angeles,TX,91466
CUST00310,Name309,Surname309,Male,1974-06-07,user309@mail.com,9999900309,Seattle,TX,31850
CUST00311,Name310,Surname310,Male,1988-07-19,user310@mail.com,9999900310,Seattle,FL,93122
CUST00312,Name311,Surname311,Male,1980-03-06,user311@mail.com,9999900311,Miami,NY,32313
CUST00313,Name312,Surname312,Female,1970-12-16,user312@mail.com,9999900312,Seattle,CA,45391
CUST00314,Name313,Surname313,Male,1999-12-31,user313@mail.com,9999900313,Miami,NY,11900
CUST00315,Name314,Surname314,Female,1994-03-20,user314@mail.com,9999900314,Miami,WA,39314
CUST00316,Name315,Surname315,Male,1998-10-14,user315@mail.com,9999900315,Miami,CA,36172
CUST00317,Name316,Surname316,Female,1996-07-23,user316@mail.com,9999900316,Los Angeles,TX,34277
CUST00318,Name317,Surname317,Female,1975-11-26,user317@mail.com,9999900317,Dallas,NY,30598
CUST00319,Name318,Surname318,Male,1975-10-28,user318@mail.com,9999900318,Seattle,FL,79514
CUST00320,Name319,Surname319,Male,1971-07-29,user319@mail.com,9999900319,Dallas,WA,83369
CUST00321,Name320,Surname320,Male,1978-01-12,user320@mail.com,9999900320,Dallas,FL,27048
CUST00322,Name321,Surname321,Male,1988-05-16,user321@mail.com,9999900321,Los Angeles,WA,89200
CUST00323,Name322,Surname322,Female,1979-06-17,user322@mail.com,9999900322,Seattle,WA,57564
CUST00324,Name323,Surname323,Female,1990-02-19,user323@mail.com,9999900323,Miami,CA,32109
CUST00325,Name324,Surname324,Female,1999-05-08,user324@mail.com,9999900324,Seattle,CA,59838
CUST00326,Name325,Surname325,Male,1979-08-07,user325@mail.com,9999900325,Seattle,FL,18247
CUST00327,Name326,Surname326,Female,1979-01-23,user326@mail.com,9999900326,New York,WA,69056
CUST00328,Name327,Surname327,Female,1983-05-17,user327@mail.com,9999900327,Miami,FL,66877
CUST00329,Name328,Surname328,Male,1997-11-24,user328@mail.com,9999900328,Miami,CA,29333
CUST00330,Name329,Surname329,Female,1971-10-23,user329@mail.com,9999900329,New York,FL,56594
CUST00331,Name330,Surname330,Female,1978-08-22,user330@mail.com,9999900330,Los Angeles,FL,56667
CUST00332,Name331,Surname331,Male,1982-01-27,user331@mail.com,9999900331,Seattle,FL,47582
CUST00333,Name332,Surname332,Male,1983-06-15,user332@mail.com,9999900332,Dallas,TX,98407
CUST00334,Name333,Surname333,Female,1979-10-17,user333@mail.com,9999900333,Los Angeles,WA,16780
CUST00335,Name334,Surname334,Female,1973-12-27,user334@mail.com,9999900334,Miami,FL,93654
CUST00336,Name335,Surname335,Male,1988-08-06,user335@mail.com,9999900335,Seattle,WA,99888
CUST00337,Name336,Surname336,Male,1999-05-10,user336@mail.com,9999900336,Los Angeles,WA,67918
CUST00338,Name337,Surname337,Male,1974-10-02,user337@mail.com,9999900337,Los Angeles,FL,46429
CUST00339,Name338,Surname338,Male,1973-09-28,user338@mail.com,9999900338,Los Angeles,CA,55625
CUST00340,Name339,Surname339,Female,1979-12-22,user339@mail.com,9999900339,Los Angeles,TX,24287
CUST00341,Name340,Surname340,Female,1989-11-19,user340@mail.com,9999900340,Dallas,CA,11348
CUST00342,Name341,Surname341,Female,1970-12-12,user341@mail.com,9999900341,Los Angeles,CA,10966
CUST00343,Name342,Surname342,Male,1978-06-02,user342@mail.com,9999900342,New York,CA,63783
CUST00344,Name343,Surname343,Female,1992-07-01,user343@mail.com,9999900343,Los Angeles,FL,82175
CUST00345,Name344,Surname344,Male,1995-08-06,user344@mail.com,9999900344,Seattle,CA,95204
CUST00346,Name345,Surname345,Male,1993-01-14,user345@mail.com,9999900345,Seattle,FL,74862
CUST00347,Name346,Surname346,Male,1991-07-24,user346@mail.com,9999900346,Miami,FL,29108
CUST00348,Name347,Surname347,Male,1986-02-25,user347@mail.com,9999900347,New York,CA,13577
CUST00349,Name348,Surname348,Male,1997-03-12,user348@mail.com,9999900348,Dallas,FL,69939
CUST00350,Name349,Surname349,Male,1980-09-13,user349@mail.com,9999900349,Los Angeles,TX,10183
CUST00351,Name350,Surname350,Male,1986-09-10,user350@mail.com,9999900350,Seattle,WA,29568
CUST00352,Name351,Surname351,Female,1989-12-22,user351@mail.com,9999900351,Miami,FL,89111
CUST00353,Name352,Surname352,Male,1987-04-02,user352@mail.com,9999900352,Miami,TX,22043
CUST00354,Name353,Surname353,Female,1974-06-18,user353@mail.com,9999900353,Miami,TX,51995
CUST00355,Name354,Surname354,Male,1988-07-20,user354@mail.com,9999900354,Miami,TX,29555
CUST00356,Name355,Surname355,Female,1973-06-03,user355@mail.com,9999900355,Los Angeles,CA,87819
CUST00357,Name356,Surname356,Female,1999-12-20,user356@mail.com,9999900356,Seattle,FL,56644
CUST00358,Name357,Surname357,Male,1980-10-28,user357@mail.com,9999900357,Dallas,TX,19088
CUST00359,Name358,Surname358,Female,1973-03-05,user358@mail.com,9999900358,Dallas,TX,11413
CUST00360,Name359,Surname359,Male,1976-04-26,user359@mail.com,9999900359,Miami,TX,43463
CUST00361,Name360,Surname360,Female,1979-12-31,user360@mail.com,9999900360,Seattle,NY,99456
CUST00362,Name361,Surname361,Male,1982-12-17,user361@mail.com,9999900361,Miami,WA,11395
CUST00363,Name362,Surname362,Male,1975-11-13,user362@mail.com,9999900362,New York,NY,96280
CUST00364,Name363,Surname363,Female,1999-06-05,user363@mail.com,9999900363,New York,FL,66083
CUST00365,Name364,Surname364,Female,1979-08-20,user364@mail.com,9999900364,New York,NY,66502
CUST00366,Name365,Surname365,Female,1984-09-09,user365@mail.com,9999900365,New York,CA,12290
CUST00367,Name366,Surname366,Female,1997-06-13,user366@mail.com,9999900366,Miami,FL,70145
CUST00368,Name367,Surname367,Female,1980-10-14,user367@mail.com,9999900367,Seattle,CA,98084
CUST00369,Name368,Surname368,Female,1974-06-02,user368@mail.com,9999900368,Miami,TX,59045
CUST00370,Name369,Surname369,Female,1972-08-14,user369@mail.com,9999900369,New York,CA,20857
CUST00371,Name370,Surname370,Female,1976-04-03,user370@mail.com,9999900370,Miami,WA,39500
CUST00372,Name371,Surname371,Male,1997-04-20,user371@mail.com,9999900371,Seattle,CA,82257
CUST00373,Name372,Surname372,Female,1997-09-14,user372@mail.com,9999900372,Miami,WA,60239
CUST00374,Name373,Surname373,Female,1993-12-13,user373@mail.com,9999900373,Dallas,TX,44704
CUST00375,Name374,Surname374,Male,1978-08-01,user374@mail.com,9999900374,Los Angeles,CA,14951
CUST00376,Name375,Surname375,Female,1988-12-26,user375@mail.com,9999900375,Los Angeles,TX,63246
CUST00377,Name376,Surname376,Male,1980-05-05,user376@mail.com,9999900376,Los Angeles,CA,61861
CUST00378,Name377,Surname377,Female,1987-09-30,user377@mail.com,9999900377,Dallas,TX,43906
CUST00379,Name378,Surname378,Female,1996-01-06,user378@mail.com,9999900378,Seattle,TX,41372
CUST00380,Name379,Surname379,Male,1980-07-09,user379@mail.com,9999900379,Miami,TX,90597
CUST00381,Name380,Surname380,Female,1987-08-24,user380@mail.com,9999900380,Miami,CA,98575
CUST00382,Name381,Surname381,Female,1980-04-29,user381@mail.com,9999900381,Los Angeles,NY,68089
CUST00383,Name382,Surname382,Male,1999-06-11,user382@mail.com,9999900382,Dallas,CA,10594
CUST00384,Name383,Surname383,Male,1980-08-18,user383@mail.com,9999900383,Dallas,FL,59127
CUST00385,Name384,Surname384,Male,1985-07-04,user384@mail.com,9999900384,Dallas,TX,75294
CUST00386,Name385,Surname385,Male,1972-01-29,user385@mail.com,9999900385,Los Angeles,NY,68607
CUST00387,Name386,Surname386,Male,1980-12-23,user386@mail.com,9999900386,Miami,FL,76296
CUST00388,Name387,Surname387,Male,1975-09-19,user387@mail.com,9999900387,Dallas,TX,52144
CUST00389,Name388,Surname388,Female,1976-05-12,user388@mail.com,9999900388,Dallas,TX,39594
CUST00390,Name389,Surname389,Male,1995-04-27,user389@mail.com,9999900389,New York,NY,47369
CUST00391,Name390,Surname390,Female,1971-01-22,user390@mail.com,9999900390,Los Angeles,WA,43237
CUST00392,Name391,Surname391,Female,1994-06-26,user391@mail.com,9999900391,Los Angeles,TX,11728
CUST00393,Name392,Surname392,Female,1979-08-19,user392@mail.com,9999900392,Los Angeles,NY,54372
CUST00394,Name393,Surname393,Male,1991-01-20,user393@mail.com,9999900393,Los Angeles,FL,55038
CUST00395,Name394,Surname394,Male,1994-04-10,user394@mail.com,9999900394,Seattle,WA,97377
CUST00396,Name395,Surname395,Female,1976-01-18,user395@mail.com,9999900395,Dallas,CA,42248
CUST00397,Name396,Surname396,Male,1999-09-21,user396@mail.com,9999900396,Los Angeles,NY,40526
CUST00398,Name397,Surname397,Female,1993-09-01,user397@mail.com,9999900397,Dallas,WA,62321
CUST00399,Name398,Surname398,Male,1986-07-19,user398@mail.com,9999900398,Miami,NY,78668
CUST00400,Name399,Surname399,Male,1975-09-15,user399@mail.com,9999900399,Los Angeles,FL,58359
CUST00401,Name400,Surname400,Female,1984-06-22,user400@mail.com,9999900400,Miami,NY,57873
CUST00402,Name401,Surname401,Female,1999-08-18,user401@mail.com,9999900401,Miami,TX,13217
CUST00403,Name402,Surname402,Male,1985-04-23,user402@mail.com,9999900402,Miami,FL,52323
CUST00404,Name403,Surname403,Male,1975-03-03,user403@mail.com,9999900403,Seattle,WA,39259
CUST00405,Name404,Surname404,Male,1986-04-02,user404@mail.com,9999900404,Los Angeles,FL,29534
CUST00406,Name405,Surname405,Female,1993-11-09,user405@mail.com,9999900405,Dallas,CA,64366
CUST00407,Name406,Surname406,Female,1977-07-18,user406@mail.com,9999900406,Dallas,NY,76751
CUST00408,Name407,Surname407,Male,1994-09-20,user407@mail.com,9999900407,Seattle,WA,13563
CUST00409,Name408,Surname408,Male,1984-02-13,user408@mail.com,9999900408,New York,WA,21120
CUST00410,Name409,Surname409,Female,1989-02-09,user409@mail.com,9999900409,Los Angeles,NY,46460
CUST00411,Name410,Surname410,Male,1976-05-13,user410@mail.com,9999900410,Los Angeles,CA,73832
CUST00412,Name411,Surname411,Male,1987-09-01,user411@mail.com,9999900411,Los Angeles,CA,51168
CUST00413,Name412,Surname412,Male,1999-08-06,user412@mail.com,9999900412,Dallas,NY,98917
CUST00414,Name413,Surname413,Male,1972-11-23,user413@mail.com,9999900413,New York,CA,97367
CUST00415,Name414,Surname414,Female,1972-07-09,user414@mail.com,9999900414,Miami,TX,57390
CUST00416,Name415,Surname415,Male,1990-03-23,user415@mail.com,9999900415,Seattle,WA,55952
CUST00417,Name416,Surname416,Male,1984-08-09,user416@mail.com,9999900416,Dallas,NY,50108
CUST00418,Name417,Surname417,Female,1976-06-04,user417@mail.com,9999900417,New York,FL,38336
CUST00419,Name418,Surname418,Female,1985-09-03,user418@mail.com,9999900418,Miami,WA,22651
CUST00420,Name419,Surname419,Male,1990-01-01,user419@mail.com,9999900419,Los Angeles,FL,51731
CUST00421,Name420,Surname420,Female,1999-06-04,user420@mail.com,9999900420,Miami,CA,83726
CUST00422,Name421,Surname421,Female,1989-08-25,user421@mail.com,9999900421,New York,TX,76553
CUST00423,Name422,Surname422,Female,1978-05-18,user422@mail.com,9999900422,Los Angeles,FL,52114
CUST00424,Name423,Surname423,Male,1980-07-30,user423@mail.com,9999900423,Miami,TX,76913
CUST00425,Name424,Surname424,Male,1985-11-20,user424@mail.com,9999900424,Miami,NY,58802
CUST00426,Name425,Surname425,Male,1980-05-29,user425@mail.com,9999900425,Seattle,TX,56457
CUST00427,Name426,Surname426,Male,1986-01-29,user426@mail.com,9999900426,Los Angeles,NY,51271
CUST00428,Name427,Surname427,Female,1980-05-17,user427@mail.com,9999900427,Seattle,WA,18697
CUST00429,Name428,Surname428,Female,1996-01-25,user428@mail.com,9999900428,Dallas,FL,24594
CUST00430,Name429,Surname429,Male,1992-11-30,user429@mail.com,9999900429,Seattle,WA,92287
CUST00431,Name430,Surname430,Male,1992-06-30,user430@mail.com,9999900430,New York,CA,89804
CUST00432,Name431,Surname431,Male,1993-09-09,user431@mail.com,9999900431,Dallas,WA,42025
CUST00433,Name432,Surname432,Female,1991-11-24,user432@mail.com,9999900432,Los Angeles,CA,51736
CUST00434,Name433,Surname433,Male,1978-06-29,user433@mail.com,9999900433,Miami,NY,22229
CUST00435,Name434,Surname434,Male,1973-04-30,user434@mail.com,9999900434,New York,FL,21946
CUST00436,Name435,Surname435,Female,1987-08-17,user435@mail.com,9999900435,Miami,FL,30748
CUST00437,Name436,Surname436,Female,1998-03-28,user436@mail.com,9999900436,Los Angeles,CA,33035
CUST00438,Name437,Surname437,Male,1971-01-26,user437@mail.com,9999900437,Dallas,FL,55681
CUST00439,Name438,Surname438,Male,1980-07-28,user438@mail.com,9999900438,Los Angeles,NY,41137
CUST00440,Name439,Surname439,Female,1991-12-01,user439@mail.com,9999900439,Los Angeles,CA,25863
CUST00441,Name440,Surname440,Male,1986-09-06,user440@mail.com,9999900440,New York,NY,27979
CUST00442,Name441,Surname441,Male,1978-02-15,user441@mail.com,9999900441,Seattle,FL,67372
CUST00443,Name442,Surname442,Female,1996-06-17,user442@mail.com,9999900442,Dallas,FL,17057
CUST00444,Name443,Surname443,Male,1982-10-14,user443@mail.com,9999900443,New York,NY,62007
CUST00445,Name444,Surname444,Female,1996-12-14,user444@mail.com,9999900444,Seattle,NY,29472
CUST00446,Name445,Surname445,Male,1992-02-09,user445@mail.com,9999900445,New York,WA,71331
CUST00447,Name446,Surname446,Male,1978-02-16,user446@mail.com,9999900446,Seattle,FL,70028
CUST00448,Name447,Surname447,Male,1986-04-27,user447@mail.com,9999900447,Miami,WA,33107
CUST00449,Name448,Surname448,Female,1980-10-08,user448@mail.com,9999900448,Seattle,NY,88902
CUST00450,Name449,Surname449,Male,1983-05-28,user449@mail.com,9999900449,Miami,TX,22038
CUST00451,Name450,Surname450,Female,1981-04-02,user450@mail.com,9999900450,Miami,FL,15141
CUST00452,Name451,Surname451,Female,1974-10-28,user451@mail.com,9999900451,Dallas,NY,98244
CUST00453,Name452,Surname452,Female,1992-01-22,user452@mail.com,9999900452,Los Angeles,TX,29412
CUST00454,Name453,Surname453,Female,1983-04-22,user453@mail.com,9999900453,Los Angeles,TX,51576
CUST00455,Name454,Surname454,Female,1992-11-11,user454@mail.com,9999900454,New York,FL,39148
CUST00456,Name455,Surname455,Male,1973-02-05,user455@mail.com,9999900455,Miami,WA,87796
CUST00457,Name456,Surname456,Male,1980-11-02,user456@mail.com,9999900456,Seattle,NY,14998
CUST00458,Name457,Surname457,Female,1994-12-26,user457@mail.com,9999900457,Dallas,NY,55954
CUST00459,Name458,Surname458,Female,1990-03-01,user458@mail.com,9999900458,New York,FL,30339
CUST00460,Name459,Surname459,Male,1977-01-31,user459@mail.com,9999900459,Dallas,NY,54467
CUST00461,Name460,Surname460,Male,1996-03-20,user460@mail.com,9999900460,Seattle,NY,30688
CUST00462,Name461,Surname461,Male,1975-12-04,user461@mail.com,9999900461,New York,TX,53261
CUST00463,Name462,Surname462,Male,1978-08-14,user462@mail.com,9999900462,Miami,TX,79017
CUST00464,Name463,Surname463,Female,1988-01-04,user463@mail.com,9999900463,Los Angeles,WA,43736
CUST00465,Name464,Surname464,Female,1978-08-15,user464@mail.com,9999900464,Seattle,FL,25702
CUST00466,Name465,Surname465,Female,1989-05-13,user465@mail.com,9999900465,Los Angeles,TX,79918
CUST00467,Name466,Surname466,Female,1992-10-12,user466@mail.com,9999900466,Los Angeles,NY,33300
CUST00468,Name467,Surname467,Male,1984-05-22,user467@mail.com,9999900467,Seattle,FL,59525
CUST00469,Name468,Surname468,Female,1974-01-01,user468@mail.com,9999900468,Los Angeles,WA,90945
CUST00470,Name469,Surname469,Female,1971-08-07,user469@mail.com,9999900469,Miami,NY,79090
CUST00471,Name470,Surname470,Female,1978-05-06,user470@mail.com,9999900470,Dallas,FL,84003
CUST00472,Name471,Surname471,Male,1987-11-14,user471@mail.com,9999900471,Seattle,FL,16423
CUST00473,Name472,Surname472,Female,1973-07-23,user472@mail.com,9999900472,Seattle,NY,51954
CUST00474,Name473,Surname473,Male,1974-08-22,user473@mail.com,9999900473,New York,FL,42322
CUST00475,Name474,Surname474,Male,1979-02-27,user474@mail.com,9999900474,Seattle,CA,31542
CUST00476,Name475,Surname475,Male,1995-09-08,user475@mail.com,9999900475,Seattle,TX,13104
CUST00477,Name476,Surname476,Male,1998-10-27,user476@mail.com,9999900476,New York,WA,49183
CUST00478,Name477,Surname477,Female,1975-09-21,user477@mail.com,9999900477,Seattle,WA,40753
CUST00479,Name478,Surname478,Female,1994-05-16,user478@mail.com,9999900478,Dallas,NY,18789
CUST00480,Name479,Surname479,Male,1988-04-06,user479@mail.com,9999900479,Dallas,WA,26236
CUST00481,Name480,Surname480,Female,1980-01-31,user480@mail.com,9999900480,Dallas,TX,49221
CUST00482,Name481,Surname481,Male,1999-06-03,user481@mail.com,9999900481,Dallas,NY,11533
CUST00483,Name482,Surname482,Male,1977-06-23,user482@mail.com,9999900482,Los Angeles,CA,49193
CUST00484,Name483,Surname483,Male,1984-08-17,user483@mail.com,9999900483,Los Angeles,FL,88556
CUST00485,Name484,Surname484,Female,1994-09-04,user484@mail.com,9999900484,Dallas,TX,21768
CUST00486,Name485,Surname485,Female,1992-11-30,user485@mail.com,9999900485,Dallas,FL,81876
CUST00487,Name486,Surname486,Male,1994-09-05,user486@mail.com,9999900486,Los Angeles,WA,59574
CUST00488,Name487,Surname487,Male,1989-08-07,user487@mail.com,9999900487,Seattle,NY,66721
CUST00489,Name488,Surname488,Male,1992-10-03,user488@mail.com,9999900488,Los Angeles,CA,13316
CUST00490,Name489,Surname489,Female,1975-08-06,user489@mail.com,9999900489,New York,FL,41491
CUST00491,Name490,Surname490,Male,1989-12-13,user490@mail.com,9999900490,Miami,NY,16108
CUST00492,Name491,Surname491,Male,1997-12-05,user491@mail.com,9999900491,Seattle,NY,79317
CUST00493,Name492,Surname492,Female,1984-05-31,user492@mail.com,9999900492,Seattle,CA,57299
CUST00494,Name493,Surname493,Male,1995-01-06,user493@mail.com,9999900493,Dallas,TX,37826
CUST00495,Name494,Surname494,Female,1998-05-14,user494@mail.com,9999900494,Dallas,NY,27685
CUST00496,Name495,Surname495,Male,1986-12-08,user495@mail.com,9999900495,Los Angeles,CA,55762
CUST00497,Name496,Surname496,Female,1991-09-04,user496@mail.com,9999900496,Miami,CA,37264
CUST00498,Name497,Surname497,Male,1989-05-17,user497@mail.com,9999900497,Los Angeles,WA,98247
CUST00499,Name498,Surname498,Female,1975-05-24,user498@mail.com,9999900498,Miami,CA,90724
CUST00500,Name499,Surname499,Female,1994-04-16,user499@mail.com,9999900499,Seattle,WA,57110
CUST00501,Name500,Surname500,Male,1985-08-05,user500@mail.com,9999900500,Seattle,WA,26835
CUST00502,Name501,Surname501,Male,1998-10-01,user501@mail.com,9999900501,New York,CA,15355
CUST00503,Name502,Surname502,Female,1998-08-06,user502@mail.com,9999900502,Miami,FL,58799
CUST00504,Name503,Surname503,Male,1994-06-26,user503@mail.com,9999900503,New York,CA,64520
CUST00505,Name504,Surname504,Female,1981-11-30,user504@mail.com,9999900504,Seattle,FL,15560
CUST00506,Name505,Surname505,Female,1994-06-21,user505@mail.com,9999900505,New York,CA,23587
CUST00507,Name506,Surname506,Male,1993-04-20,user506@mail.com,9999900506,Miami,WA,24100
CUST00508,Name507,Surname507,Female,1997-12-21,user507@mail.com,9999900507,New York,WA,85460
CUST00509,Name508,Surname508,Female,1974-10-21,user508@mail.com,9999900508,Dallas,WA,61414
CUST00510,Name509,Surname509,Male,1999-12-29,user509@mail.com,9999900509,Dallas,TX,49225
CUST00511,Name510,Surname510,Male,1987-06-08,user510@mail.com,9999900510,Dallas,CA,25854
CUST00512,Name511,Surname511,Male,1982-06-23,user511@mail.com,9999900511,Los Angeles,TX,35976
CUST00513,Name512,Surname512,Male,1997-04-07,user512@mail.com,9999900512,Los Angeles,NY,88794
CUST00514,Name513,Surname513,Male,1993-05-21,user513@mail.com,9999900513,Dallas,WA,17672
CUST00515,Name514,Surname514,Male,1978-08-10,user514@mail.com,9999900514,Seattle,WA,86920
CUST00516,Name515,Surname515,Female,1991-12-31,user515@mail.com,9999900515,Dallas,FL,73720
CUST00517,Name516,Surname516,Male,1973-06-01,user516@mail.com,9999900516,Los Angeles,TX,93821
CUST00518,Name517,Surname517,Female,1988-01-09,user517@mail.com,9999900517,Seattle,FL,15117
CUST00519,Name518,Surname518,Female,1994-10-30,user518@mail.com,9999900518,Los Angeles,FL,63382
CUST00520,Name519,Surname519,Male,1984-02-22,user519@mail.com,9999900519,Dallas,WA,61315
CUST00521,Name520,Surname520,Male,1991-02-12,user520@mail.com,9999900520,Miami,WA,35669
CUST00522,Name521,Surname521,Female,1990-06-29,user521@mail.com,9999900521,Los Angeles,TX,36462
CUST00523,Name522,Surname522,Female,1971-09-05,user522@mail.com,9999900522,Dallas,CA,56875
CUST00524,Name523,Surname523,Female,1977-02-04,user523@mail.com,9999900523,New York,NY,47700
CUST00525,Name524,Surname524,Male,1984-11-03,user524@mail.com,9999900524,Seattle,FL,89105
CUST00526,Name525,Surname525,Female,1970-12-06,user525@mail.com,9999900525,Seattle,WA,59042
CUST00527,Name526,Surname526,Female,1981-01-25,user526@mail.com,9999900526,Miami,NY,34491
CUST00528,Name527,Surname527,Female,1975-01-04,user527@mail.com,9999900527,New York,CA,82059
CUST00529,Name528,Surname528,Female,1979-02-27,user528@mail.com,9999900528,Los Angeles,TX,85128
CUST00530,Name529,Surname529,Male,1991-12-01,user529@mail.com,9999900529,Los Angeles,NY,49961
CUST00531,Name530,Surname530,Female,1979-03-22,user530@mail.com,9999900530,Dallas,CA,19435
CUST00532,Name531,Surname531,Male,1971-09-03,user531@mail.com,9999900531,New York,WA,34188
CUST00533,Name532,Surname532,Female,1997-12-07,user532@mail.com,9999900532,New York,TX,88566
CUST00534,Name533,Surname533,Female,1986-11-11,user533@mail.com,9999900533,New York,CA,80093
CUST00535,Name534,Surname534,Male,1993-02-24,user534@mail.com,9999900534,Los Angeles,TX,23226
CUST00536,Name535,Surname535,Male,1979-01-18,user535@mail.com,9999900535,Los Angeles,FL,74649
CUST00537,Name536,Surname536,Female,1984-04-27,user536@mail.com,9999900536,Seattle,WA,24776
CUST00538,Name537,Surname537,Female,1983-11-01,user537@mail.com,9999900537,Miami,WA,34654
CUST00539,Name538,Surname538,Female,1983-02-14,user538@mail.com,9999900538,New York,TX,83760
CUST00540,Name539,Surname539,Female,1976-04-14,user539@mail.com,9999900539,Seattle,WA,52325
CUST00541,Name540,Surname540,Female,1980-05-04,user540@mail.com,9999900540,Seattle,FL,90351
CUST00542,Name541,Surname541,Female,1991-06-23,user541@mail.com,9999900541,Seattle,FL,97205
CUST00543,Name542,Surname542,Female,1993-11-27,user542@mail.com,9999900542,Miami,TX,84513
CUST00544,Name543,Surname543,Female,1988-12-18,user543@mail.com,9999900543,Los Angeles,WA,27876
CUST00545,Name544,Surname544,Male,1993-12-28,user544@mail.com,9999900544,Dallas,CA,79370
CUST00546,Name545,Surname545,Female,1977-08-25,user545@mail.com,9999900545,New York,NY,84722
CUST00547,Name546,Surname546,Male,1994-11-05,user546@mail.com,9999900546,Miami,FL,63820
CUST00548,Name547,Surname547,Male,1987-01-16,user547@mail.com,9999900547,Seattle,TX,57134
CUST00549,Name548,Surname548,Male,1983-12-24,user548@mail.com,9999900548,Dallas,WA,28943
CUST00550,Name549,Surname549,Female,1998-05-03,user549@mail.com,9999900549,Los Angeles,FL,89654
CUST00551,Name550,Surname550,Female,1987-10-19,user550@mail.com,9999900550,Dallas,WA,49093
CUST00552,Name551,Surname551,Male,1977-09-30,user551@mail.com,9999900551,Los Angeles,FL,59993
CUST00553,Name552,Surname552,Male,1987-09-18,user552@mail.com,9999900552,Dallas,NY,24081
CUST00554,Name553,Surname553,Male,1987-09-14,user553@mail.com,9999900553,Seattle,NY,42143
CUST00555,Name554,Surname554,Male,1986-07-30,user554@mail.com,9999900554,Miami,WA,16630
CUST00556,Name555,Surname555,Male,1986-04-27,user555@mail.com,9999900555,Los Angeles,NY,53588
CUST00557,Name556,Surname556,Female,1999-07-22,user556@mail.com,9999900556,Miami,NY,61986
CUST00558,Name557,Surname557,Female,1978-02-06,user557@mail.com,9999900557,New York,FL,58306
CUST00559,Name558,Surname558,Female,1998-08-01,user558@mail.com,9999900558,Dallas,WA,54018
CUST00560,Name559,Surname559,Female,1971-04-07,user559@mail.com,9999900559,Miami,TX,79395
CUST00561,Name560,Surname560,Female,1997-08-17,user560@mail.com,9999900560,New York,FL,85242
CUST00562,Name561,Surname561,Male,1975-12-15,user561@mail.com,9999900561,Seattle,WA,93934
CUST00563,Name562,Surname562,Male,1992-12-20,user562@mail.com,9999900562,Seattle,WA,55905
CUST00564,Name563,Surname563,Female,1981-04-07,user563@mail.com,9999900563,New York,WA,97151
CUST00565,Name564,Surname564,Male,1986-12-02,user564@mail.com,9999900564,New York,WA,86924
CUST00566,Name565,Surname565,Male,1991-07-23,user565@mail.com,9999900565,Dallas,CA,78853
CUST00567,Name566,Surname566,Male,1972-02-25,user566@mail.com,9999900566,Seattle,NY,98824
CUST00568,Name567,Surname567,Female,1977-06-05,user567@mail.com,9999900567,Dallas,NY,40345
CUST00569,Name568,Surname568,Female,1998-10-15,user568@mail.com,9999900568,Miami,CA,38077
CUST00570,Name569,Surname569,Female,1992-11-20,user569@mail.com,9999900569,Dallas,CA,45056
CUST00571,Name570,Surname570,Female,1976-12-27,user570@mail.com,9999900570,Dallas,WA,45814
CUST00572,Name571,Surname571,Male,1977-01-09,user571@mail.com,9999900571,New York,WA,59740
CUST00573,Name572,Surname572,Male,1978-03-22,user572@mail.com,9999900572,Dallas,TX,11829
CUST00574,Name573,Surname573,Female,1974-01-31,user573@mail.com,9999900573,New York,TX,65701
CUST00575,Name574,Surname574,Female,1986-12-22,user574@mail.com,9999900574,Dallas,NY,52176
CUST00576,Name575,Surname575,Male,1997-04-30,user575@mail.com,9999900575,Dallas,NY,95771
CUST00577,Name576,Surname576,Female,1994-01-14,user576@mail.com,9999900576,Seattle,FL,32379
CUST00578,Name577,Surname577,Female,1982-12-17,user577@mail.com,9999900577,Miami,FL,46737
CUST00579,Name578,Surname578,Female,1996-05-18,user578@mail.com,9999900578,Dallas,FL,49402
CUST00580,Name579,Surname579,Male,1973-10-26,user579@mail.com,9999900579,Los Angeles,TX,11477
CUST00581,Name580,Surname580,Female,1981-09-16,user580@mail.com,9999900580,New York,CA,86104
CUST00582,Name581,Surname581,Male,1989-06-04,user581@mail.com,9999900581,Los Angeles,TX,44657
CUST00583,Name582,Surname582,Male,1981-10-17,user582@mail.com,9999900582,Dallas,WA,99687
CUST00584,Name583,Surname583,Female,1971-02-04,user583@mail.com,9999900583,Los Angeles,TX,53934
CUST00585,Name584,Surname584,Male,1978-06-14,user584@mail.com,9999900584,Seattle,TX,16719
CUST00586,Name585,Surname585,Female,1975-05-28,user585@mail.com,9999900585,Los Angeles,FL,77646
CUST00587,Name586,Surname586,Female,1988-07-13,user586@mail.com,9999900586,New York,FL,73206
CUST00588,Name587,Surname587,Female,1989-07-20,user587@mail.com,9999900587,Los Angeles,CA,34638
CUST00589,Name588,Surname588,Male,1996-08-27,user588@mail.com,9999900588,Los Angeles,WA,17060
CUST00590,Name589,Surname589,Male,1984-09-14,user589@mail.com,9999900589,Dallas,TX,58646
CUST00591,Name590,Surname590,Male,1994-12-28,user590@mail.com,9999900590,Dallas,CA,12877
CUST00592,Name591,Surname591,Male,1992-10-15,user591@mail.com,9999900591,Seattle,NY,38066
CUST00593,Name592,Surname592,Female,1989-01-08,user592@mail.com,9999900592,New York,TX,44238
CUST00594,Name593,Surname593,Female,1978-02-24,user593@mail.com,9999900593,Miami,TX,59103
CUST00595,Name594,Surname594,Female,1985-05-03,user594@mail.com,9999900594,Miami,NY,78084
CUST00596,Name595,Surname595,Female,1999-11-28,user595@mail.com,9999900595,New York,FL,17730
CUST00597,Name596,Surname596,Male,1999-08-02,user596@mail.com,9999900596,New York,TX,83588
CUST00598,Name597,Surname597,Male,1973-02-04,user597@mail.com,9999900597,Los Angeles,WA,22133
CUST00599,Name598,Surname598,Male,1985-12-05,user598@mail.com,9999900598,Seattle,NY,52067
CUST00600,Name599,Surname599,Female,1974-07-15,user599@mail.com,9999900599,Miami,TX,81887
CUST00601,Name600,Surname600,Male,1995-02-13,user600@mail.com,9999900600,Miami,FL,42927
CUST00602,Name601,Surname601,Male,1992-04-04,user601@mail.com,9999900601,Los Angeles,CA,49474
CUST00603,Name602,Surname602,Female,1988-04-19,user602@mail.com,9999900602,Dallas,NY,14230
CUST00604,Name603,Surname603,Female,1975-03-02,user603@mail.com,9999900603,Miami,FL,20533
CUST00605,Name604,Surname604,Male,1978-03-03,user604@mail.com,9999900604,Seattle,WA,10293
CUST00606,Name605,Surname605,Male,1987-12-26,user605@mail.com,9999900605,Seattle,TX,44605
CUST00607,Name606,Surname606,Female,1990-08-08,user606@mail.com,9999900606,Miami,TX,48979
CUST00608,Name607,Surname607,Female,1980-12-05,user607@mail.com,9999900607,Dallas,TX,86505
CUST00609,Name608,Surname608,Male,1973-06-29,user608@mail.com,9999900608,Los Angeles,FL,49980
CUST00610,Name609,Surname609,Male,1999-10-09,user609@mail.com,9999900609,New York,TX,35741
CUST00611,Name610,Surname610,Male,1975-10-09,user610@mail.com,9999900610,New York,NY,15191
CUST00612,Name611,Surname611,Male,1973-01-12,user611@mail.com,9999900611,Los Angeles,WA,73872
CUST00613,Name612,Surname612,Female,1989-11-19,user612@mail.com,9999900612,Seattle,TX,52765
CUST00614,Name613,Surname613,Male,1971-10-09,user613@mail.com,9999900613,Seattle,NY,60206
CUST00615,Name614,Surname614,Female,1981-04-24,user614@mail.com,9999900614,New York,WA,12766
CUST00616,Name615,Surname615,Female,1980-11-10,user615@mail.com,9999900615,Seattle,CA,26341
CUST00617,Name616,Surname616,Male,1992-12-22,user616@mail.com,9999900616,Dallas,TX,60719
CUST00618,Name617,Surname617,Female,1973-05-13,user617@mail.com,9999900617,Los Angeles,NY,93527
CUST00619,Name618,Surname618,Female,1977-08-22,user618@mail.com,9999900618,Miami,NY,96339
CUST00620,Name619,Surname619,Female,1970-02-23,user619@mail.com,9999900619,Dallas,TX,34119
CUST00621,Name620,Surname620,Male,1977-02-05,user620@mail.com,9999900620,Seattle,CA,70056
CUST00622,Name621,Surname621,Male,1990-06-20,user621@mail.com,9999900621,Los Angeles,NY,26077
CUST00623,Name622,Surname622,Female,1994-07-06,user622@mail.com,9999900622,New York,WA,73811
CUST00624,Name623,Surname623,Male,1974-03-07,user623@mail.com,9999900623,Dallas,TX,66318
CUST00625,Name624,Surname624,Female,1996-02-26,user624@mail.com,9999900624,Miami,NY,91819
CUST00626,Name625,Surname625,Female,1971-07-14,user625@mail.com,9999900625,Los Angeles,TX,89917
CUST00627,Name626,Surname626,Male,1999-04-13,user626@mail.com,9999900626,Los Angeles,NY,59415
CUST00628,Name627,Surname627,Female,1981-04-29,user627@mail.com,9999900627,Miami,WA,86260
CUST00629,Name628,Surname628,Male,1991-11-03,user628@mail.com,9999900628,Seattle,WA,33203
CUST00630,Name629,Surname629,Female,1979-11-08,user629@mail.com,9999900629,Seattle,NY,94073
CUST00631,Name630,Surname630,Male,1972-11-20,user630@mail.com,9999900630,New York,TX,38238
CUST00632,Name631,Surname631,Female,1996-03-09,user631@mail.com,9999900631,Dallas,NY,74743
CUST00633,Name632,Surname632,Male,1999-01-20,user632@mail.com,9999900632,Los Angeles,CA,14156
CUST00634,Name633,Surname633,Male,1989-04-11,user633@mail.com,9999900633,Seattle,WA,58685
CUST00635,Name634,Surname634,Male,1997-02-14,user634@mail.com,9999900634,Los Angeles,FL,74369
CUST00636,Name635,Surname635,Male,1999-12-16,user635@mail.com,9999900635,New York,WA,99466
CUST00637,Name636,Surname636,Male,1994-07-21,user636@mail.com,9999900636,Dallas,WA,44283
CUST00638,Name637,Surname637,Male,1987-07-09,user637@mail.com,9999900637,Seattle,CA,52919
CUST00639,Name638,Surname638,Female,1996-03-11,user638@mail.com,9999900638,Los Angeles,CA,87447
CUST00640,Name639,Surname639,Female,1997-09-05,user639@mail.com,9999900639,New York,CA,37335
CUST00641,Name640,Surname640,Female,1980-05-25,user640@mail.com,9999900640,New York,TX,82398
CUST00642,Name641,Surname641,Female,1981-11-09,user641@mail.com,9999900641,Dallas,TX,93529
CUST00643,Name642,Surname642,Male,1990-08-23,user642@mail.com,9999900642,Miami,FL,32262
CUST00644,Name643,Surname643,Female,1977-08-27,user643@mail.com,9999900643,Dallas,CA,11519
CUST00645,Name644,Surname644,Male,1989-07-30,user644@mail.com,9999900644,New York,WA,65044
CUST00646,Name645,Surname645,Female,1978-05-05,user645@mail.com,9999900645,Los Angeles,TX,50860
CUST00647,Name646,Surname646,Male,1980-05-24,user646@mail.com,9999900646,Seattle,CA,32429
CUST00648,Name647,Surname647,Female,1985-11-04,user647@mail.com,9999900647,Los Angeles,WA,80085
CUST00649,Name648,Surname648,Male,1970-05-14,user648@mail.com,9999900648,Miami,CA,15877
CUST00650,Name649,Surname649,Male,1988-09-15,user649@mail.com,9999900649,Miami,TX,31349
CUST00651,Name650,Surname650,Female,1979-12-11,user650@mail.com,9999900650,New York,WA,51704
CUST00652,Name651,Surname651,Male,1975-05-25,user651@mail.com,9999900651,Dallas,WA,61038
CUST00653,Name652,Surname652,Male,1991-03-03,user652@mail.com,9999900652,New York,FL,35714
CUST00654,Name653,Surname653,Female,1989-03-29,user653@mail.com,9999900653,New York,FL,14856
CUST00655,Name654,Surname654,Male,1992-04-23,user654@mail.com,9999900654,New York,WA,10264
CUST00656,Name655,Surname655,Male,1981-10-10,user655@mail.com,9999900655,Miami,WA,28418
CUST00657,Name656,Surname656,Female,1984-01-24,user656@mail.com,9999900656,New York,WA,72786
CUST00658,Name657,Surname657,Female,1999-07-16,user657@mail.com,9999900657,Miami,TX,92758
CUST00659,Name658,Surname658,Male,1983-01-31,user658@mail.com,9999900658,New York,FL,87379
CUST00660,Name659,Surname659,Female,1996-08-13,user659@mail.com,9999900659,Los Angeles,TX,87316
CUST00661,Name660,Surname660,Male,1999-08-31,user660@mail.com,9999900660,Dallas,FL,95917
CUST00662,Name661,Surname661,Female,1974-10-14,user661@mail.com,9999900661,New York,CA,52358
CUST00663,Name662,Surname662,Female,1982-12-08,user662@mail.com,9999900662,Los Angeles,CA,36564
CUST00664,Name663,Surname663,Female,1988-01-01,user663@mail.com,9999900663,Dallas,NY,55036
CUST00665,Name664,Surname664,Female,1977-08-09,user664@mail.com,9999900664,Seattle,CA,95465
CUST00666,Name665,Surname665,Male,1978-12-11,user665@mail.com,9999900665,Los Angeles,TX,96456
CUST00667,Name666,Surname666,Male,1990-05-19,user666@mail.com,9999900666,Dallas,WA,70120
CUST00668,Name667,Surname667,Female,1995-01-27,user667@mail.com,9999900667,Los Angeles,TX,53043
CUST00669,Name668,Surname668,Female,1971-06-21,user668@mail.com,9999900668,New York,NY,99529
CUST00670,Name669,Surname669,Male,1971-03-03,user669@mail.com,9999900669,Los Angeles,TX,40631
CUST00671,Name670,Surname670,Female,1981-11-06,user670@mail.com,9999900670,Los Angeles,NY,31016
CUST00672,Name671,Surname671,Female,1982-11-24,user671@mail.com,9999900671,Miami,CA,88565
CUST00673,Name672,Surname672,Male,1994-06-04,user672@mail.com,9999900672,Los Angeles,WA,10680
CUST00674,Name673,Surname673,Female,1981-06-14,user673@mail.com,9999900673,Seattle,NY,15123
CUST00675,Name674,Surname674,Male,1980-12-12,user674@mail.com,9999900674,New York,WA,66698
CUST00676,Name675,Surname675,Female,1990-06-09,user675@mail.com,9999900675,Seattle,NY,69476
CUST00677,Name676,Surname676,Male,1972-05-08,user676@mail.com,9999900676,New York,TX,25408
CUST00678,Name677,Surname677,Male,1979-08-10,user677@mail.com,9999900677,Miami,FL,66558
CUST00679,Name678,Surname678,Male,1982-09-14,user678@mail.com,9999900678,Los Angeles,CA,87320
CUST00680,Name679,Surname679,Male,1977-04-15,user679@mail.com,9999900679,Los Angeles,CA,45378
CUST00681,Name680,Surname680,Male,1972-01-13,user680@mail.com,9999900680,New York,TX,44260
CUST00682,Name681,Surname681,Female,1990-07-29,user681@mail.com,9999900681,Seattle,NY,11139
CUST00683,Name682,Surname682,Female,1993-01-16,user682@mail.com,9999900682,New York,NY,37383
CUST00684,Name683,Surname683,Male,1995-11-12,user683@mail.com,9999900683,Seattle,TX,96446
CUST00685,Name684,Surname684,Male,1989-11-22,user684@mail.com,9999900684,Miami,TX,95666
CUST00686,Name685,Surname685,Male,1985-12-23,user685@mail.com,9999900685,Miami,WA,17127
CUST00687,Name686,Surname686,Male,1982-05-21,user686@mail.com,9999900686,Los Angeles,NY,31515
CUST00688,Name687,Surname687,Female,1993-01-29,user687@mail.com,9999900687,Miami,NY,21998
CUST00689,Name688,Surname688,Male,1973-11-24,user688@mail.com,9999900688,Miami,NY,19928
CUST00690,Name689,Surname689,Male,1993-02-06,user689@mail.com,9999900689,Miami,FL,55099
CUST00691,Name690,Surname690,Male,1976-01-27,user690@mail.com,9999900690,Los Angeles,TX,39488
CUST00692,Name691,Surname691,Female,1971-10-18,user691@mail.com,9999900691,New York,WA,61095
CUST00693,Name692,Surname692,Female,1989-05-23,user692@mail.com,9999900692,Seattle,WA,73542
CUST00694,Name693,Surname693,Female,1986-04-26,user693@mail.com,9999900693,Los Angeles,NY,39074
CUST00695,Name694,Surname694,Male,1996-10-06,user694@mail.com,9999900694,Dallas,TX,40253
CUST00696,Name695,Surname695,Female,1972-12-17,user695@mail.com,9999900695,Dallas,TX,34086
CUST00697,Name696,Surname696,Male,1978-03-27,user696@mail.com,9999900696,New York,FL,56630
CUST00698,Name697,Surname697,Female,1972-08-26,user697@mail.com,9999900697,Dallas,NY,58973
CUST00699,Name698,Surname698,Female,1993-04-13,user698@mail.com,9999900698,Seattle,FL,96733
CUST00700,Name699,Surname699,Female,1993-11-28,user699@mail.com,9999900699,Los Angeles,CA,46210
CUST00701,Name700,Surname700,Male,1975-05-12,user700@mail.com,9999900700,Seattle,TX,44121
CUST00702,Name701,Surname701,Female,1985-12-06,user701@mail.com,9999900701,Seattle,CA,66711
CUST00703,Name702,Surname702,Male,1993-10-04,user702@mail.com,9999900702,Los Angeles,CA,93606
CUST00704,Name703,Surname703,Female,1994-02-25,user703@mail.com,9999900703,Dallas,WA,89994
CUST00705,Name704,Surname704,Female,1984-11-18,user704@mail.com,9999900704,Miami,FL,13150
CUST00706,Name705,Surname705,Male,1991-04-04,user705@mail.com,9999900705,Seattle,FL,72866
CUST00707,Name706,Surname706,Female,1977-06-22,user706@mail.com,9999900706,New York,WA,65211
CUST00708,Name707,Surname707,Male,1979-01-16,user707@mail.com,9999900707,New York,NY,54130
CUST00709,Name708,Surname708,Female,1980-04-30,user708@mail.com,9999900708,Miami,TX,43424
CUST00710,Name709,Surname709,Female,1986-12-22,user709@mail.com,9999900709,New York,WA,82083
CUST00711,Name710,Surname710,Female,1993-02-02,user710@mail.com,9999900710,Seattle,WA,60754
CUST00712,Name711,Surname711,Male,1984-08-07,user711@mail.com,9999900711,Miami,CA,32396
CUST00713,Name712,Surname712,Male,1972-07-13,user712@mail.com,9999900712,Miami,CA,67613
CUST00714,Name713,Surname713,Male,1991-06-03,user713@mail.com,9999900713,Miami,CA,37790
CUST00715,Name714,Surname714,Male,1973-04-01,user714@mail.com,9999900714,New York,FL,64672
CUST00716,Name715,Surname715,Female,1972-09-20,user715@mail.com,9999900715,New York,NY,92320
CUST00717,Name716,Surname716,Male,1992-09-23,user716@mail.com,9999900716,Miami,WA,69090
CUST00718,Name717,Surname717,Male,1988-10-18,user717@mail.com,9999900717,Miami,CA,77675
CUST00719,Name718,Surname718,Female,1973-01-28,user718@mail.com,9999900718,Seattle,FL,19995
CUST00720,Name719,Surname719,Male,1985-05-02,user719@mail.com,9999900719,Miami,FL,17523
CUST00721,Name720,Surname720,Female,1987-05-19,user720@mail.com,9999900720,Miami,WA,64258
CUST00722,Name721,Surname721,Female,1983-01-11,user721@mail.com,9999900721,Dallas,CA,56466
CUST00723,Name722,Surname722,Female,1992-02-26,user722@mail.com,9999900722,Miami,CA,13332
CUST00724,Name723,Surname723,Female,1984-02-15,user723@mail.com,9999900723,Miami,CA,19079
CUST00725,Name724,Surname724,Female,1979-07-21,user724@mail.com,9999900724,Seattle,NY,51852
CUST00726,Name725,Surname725,Male,1995-02-04,user725@mail.com,9999900725,Miami,CA,42469
CUST00727,Name726,Surname726,Female,1990-09-29,user726@mail.com,9999900726,Los Angeles,WA,52764
CUST00728,Name727,Surname727,Female,1982-01-17,user727@mail.com,9999900727,Seattle,WA,56586
CUST00729,Name728,Surname728,Male,1993-06-16,user728@mail.com,9999900728,New York,FL,12934
CUST00730,Name729,Surname729,Female,1991-12-27,user729@mail.com,9999900729,New York,WA,99630
CUST00731,Name730,Surname730,Female,1996-05-06,user730@mail.com,9999900730,Los Angeles,TX,32964
CUST00732,Name731,Surname731,Male,1987-10-11,user731@mail.com,9999900731,Miami,FL,81047
CUST00733,Name732,Surname732,Female,1982-02-03,user732@mail.com,9999900732,Seattle,WA,92805
CUST00734,Name733,Surname733,Female,1974-09-05,user733@mail.com,9999900733,Seattle,FL,93630
CUST00735,Name734,Surname734,Female,1980-10-01,user734@mail.com,9999900734,New York,WA,38178
CUST00736,Name735,Surname735,Female,1992-07-13,user735@mail.com,9999900735,Los Angeles,FL,81788
CUST00737,Name736,Surname736,Female,1997-12-04,user736@mail.com,9999900736,Miami,FL,73230
CUST00738,Name737,Surname737,Female,1988-11-07,user737@mail.com,9999900737,New York,NY,65640
CUST00739,Name738,Surname738,Male,1995-01-17,user738@mail.com,9999900738,Miami,NY,77353
CUST00740,Name739,Surname739,Male,1986-01-17,user739@mail.com,9999900739,Dallas,NY,67177
CUST00741,Name740,Surname740,Male,1978-03-14,user740@mail.com,9999900740,Dallas,NY,29076
CUST00742,Name741,Surname741,Female,1979-07-01,user741@mail.com,9999900741,New York,NY,37096
CUST00743,Name742,Surname742,Female,1989-02-08,user742@mail.com,9999900742,Los Angeles,CA,39612
CUST00744,Name743,Surname743,Female,1976-02-09,user743@mail.com,9999900743,Dallas,NY,64742
CUST00745,Name744,Surname744,Male,1992-09-27,user744@mail.com,9999900744,New York,WA,87668
CUST00746,Name745,Surname745,Male,1975-07-10,user745@mail.com,9999900745,Seattle,CA,61802
CUST00747,Name746,Surname746,Male,1972-10-05,user746@mail.com,9999900746,Miami,TX,92448
CUST00748,Name747,Surname747,Female,1988-10-10,user747@mail.com,9999900747,Los Angeles,FL,91312
CUST00749,Name748,Surname748,Female,1982-08-26,user748@mail.com,9999900748,Los Angeles,TX,49258
CUST00750,Name749,Surname749,Male,1984-06-11,user749@mail.com,9999900749,Dallas,WA,92476
CUST00751,Name750,Surname750,Male,1978-03-04,user750@mail.com,9999900750,Los Angeles,CA,44807
CUST00752,Name751,Surname751,Female,1977-08-16,user751@mail.com,9999900751,Dallas,FL,44469
CUST00753,Name752,Surname752,Female,1975-07-16,user752@mail.com,9999900752,Miami,NY,49830
CUST00754,Name753,Surname753,Female,1996-02-12,user753@mail.com,9999900753,Dallas,CA,52823
CUST00755,Name754,Surname754,Female,1980-06-26,user754@mail.com,9999900754,Los Angeles,CA,50243
CUST00756,Name755,Surname755,Female,1988-04-24,user755@mail.com,9999900755,Seattle,TX,12148
CUST00757,Name756,Surname756,Female,1979-10-22,user756@mail.com,9999900756,Los Angeles,CA,73226
CUST00758,Name757,Surname757,Female,1970-10-13,user757@mail.com,9999900757,Miami,WA,93850
CUST00759,Name758,Surname758,Female,1972-03-31,user758@mail.com,9999900758,New York,TX,71843
CUST00760,Name759,Surname759,Male,1989-04-27,user759@mail.com,9999900759,New York,WA,73412
CUST00761,Name760,Surname760,Male,1972-05-15,user760@mail.com,9999900760,New York,CA,79363
CUST00762,Name761,Surname761,Male,1973-03-29,user761@mail.com,9999900761,Miami,WA,52490
CUST00763,Name762,Surname762,Female,1982-02-17,user762@mail.com,9999900762,Los Angeles,TX,17582
CUST00764,Name763,Surname763,Female,1974-03-26,user763@mail.com,9999900763,Miami,CA,96725
CUST00765,Name764,Surname764,Male,1991-03-24,user764@mail.com,9999900764,New York,NY,11873
CUST00766,Name765,Surname765,Female,1976-12-04,user765@mail.com,9999900765,Los Angeles,FL,72669
CUST00767,Name766,Surname766,Male,1983-09-26,user766@mail.com,9999900766,Dallas,CA,65466
CUST00768,Name767,Surname767,Male,1989-06-26,user767@mail.com,9999900767,Miami,NY,59270
CUST00769,Name768,Surname768,Female,1971-10-02,user768@mail.com,9999900768,Miami,TX,42438
CUST00770,Name769,Surname769,Male,1994-09-14,user769@mail.com,9999900769,Dallas,NY,16538
CUST00771,Name770,Surname770,Male,1989-01-31,user770@mail.com,9999900770,Dallas,FL,92744
CUST00772,Name771,Surname771,Female,1990-08-30,user771@mail.com,9999900771,Miami,NY,97527
CUST00773,Name772,Surname772,Male,1995-04-01,user772@mail.com,9999900772,Seattle,FL,33511
CUST00774,Name773,Surname773,Male,1973-07-22,user773@mail.com,9999900773,New York,FL,14205
CUST00775,Name774,Surname774,Female,1998-08-17,user774@mail.com,9999900774,Miami,NY,69727
CUST00776,Name775,Surname775,Female,1979-05-04,user775@mail.com,9999900775,Seattle,NY,38070
CUST00777,Name776,Surname776,Male,1976-12-06,user776@mail.com,9999900776,New York,FL,65975
CUST00778,Name777,Surname777,Female,1976-07-23,user777@mail.com,9999900777,Miami,TX,67552
CUST00779,Name778,Surname778,Female,1971-09-20,user778@mail.com,9999900778,Seattle,CA,12007
CUST00780,Name779,Surname779,Male,1996-06-19,user779@mail.com,9999900779,Dallas,WA,33286
CUST00781,Name780,Surname780,Male,1997-01-21,user780@mail.com,9999900780,Los Angeles,CA,79120
CUST00782,Name781,Surname781,Female,1994-06-05,user781@mail.com,9999900781,Dallas,NY,56181
CUST00783,Name782,Surname782,Female,1980-01-24,user782@mail.com,9999900782,Miami,TX,10649
CUST00784,Name783,Surname783,Male,1987-07-22,user783@mail.com,9999900783,New York,WA,55336
CUST00785,Name784,Surname784,Male,1988-10-10,user784@mail.com,9999900784,Seattle,CA,20266
CUST00786,Name785,Surname785,Female,1981-10-07,user785@mail.com,9999900785,Seattle,CA,25477
CUST00787,Name786,Surname786,Female,1975-10-03,user786@mail.com,9999900786,Miami,FL,79722
CUST00788,Name787,Surname787,Male,1979-08-05,user787@mail.com,9999900787,Seattle,NY,77836
CUST00789,Name788,Surname788,Male,1974-11-14,user788@mail.com,9999900788,Dallas,NY,67150
CUST00790,Name789,Surname789,Female,1988-01-21,user789@mail.com,9999900789,Seattle,CA,54233
CUST00791,Name790,Surname790,Male,1998-06-05,user790@mail.com,9999900790,New York,TX,90591
CUST00792,Name791,Surname791,Male,1979-06-01,user791@mail.com,9999900791,Seattle,CA,63126
CUST00793,Name792,Surname792,Male,1986-05-10,user792@mail.com,9999900792,Dallas,WA,44454
CUST00794,Name793,Surname793,Female,1982-05-09,user793@mail.com,9999900793,Los Angeles,TX,83398
CUST00795,Name794,Surname794,Female,1997-06-05,user794@mail.com,9999900794,Los Angeles,CA,45052
CUST00796,Name795,Surname795,Female,1999-06-11,user795@mail.com,9999900795,Seattle,WA,12454
CUST00797,Name796,Surname796,Male,1980-06-17,user796@mail.com,9999900796,Los Angeles,CA,23862
CUST00798,Name797,Surname797,Female,1993-05-09,user797@mail.com,9999900797,Miami,NY,44306
CUST00799,Name798,Surname798,Female,1998-02-07,user798@mail.com,9999900798,Miami,FL,98795
CUST00800,Name799,Surname799,Female,1990-04-06,user799@mail.com,9999900799,Los Angeles,NY,81877
CUST00801,Name800,Surname800,Male,1992-06-05,user800@mail.com,9999900800,Los Angeles,FL,76542
CUST00802,Name801,Surname801,Female,1996-03-08,user801@mail.com,9999900801,Seattle,FL,41183
CUST00803,Name802,Surname802,Male,1992-11-30,user802@mail.com,9999900802,Seattle,FL,18322
CUST00804,Name803,Surname803,Male,1991-08-06,user803@mail.com,9999900803,Miami,NY,81522
CUST00805,Name804,Surname804,Male,1986-10-10,user804@mail.com,9999900804,Seattle,FL,67468
CUST00806,Name805,Surname805,Female,1979-04-11,user805@mail.com,9999900805,Dallas,NY,52403
CUST00807,Name806,Surname806,Male,1994-08-28,user806@mail.com,9999900806,New York,TX,94974
CUST00808,Name807,Surname807,Male,1976-01-17,user807@mail.com,9999900807,New York,WA,81905
CUST00809,Name808,Surname808,Male,1989-01-02,user808@mail.com,9999900808,New York,WA,87810
CUST00810,Name809,Surname809,Male,1984-08-18,user809@mail.com,9999900809,Los Angeles,FL,57607
CUST00811,Name810,Surname810,Male,1978-04-13,user810@mail.com,9999900810,Dallas,WA,65777
CUST00812,Name811,Surname811,Male,1979-05-28,user811@mail.com,9999900811,New York,FL,74354
CUST00813,Name812,Surname812,Male,1993-02-21,user812@mail.com,9999900812,Seattle,FL,52152
CUST00814,Name813,Surname813,Female,1995-07-19,user813@mail.com,9999900813,Seattle,TX,11223
CUST00815,Name814,Surname814,Male,1996-10-22,user814@mail.com,9999900814,New York,CA,52142
CUST00816,Name815,Surname815,Female,1995-11-15,user815@mail.com,9999900815,New York,FL,36314
CUST00817,Name816,Surname816,Female,1976-10-19,user816@mail.com,9999900816,Miami,WA,17223
CUST00818,Name817,Surname817,Female,1992-02-21,user817@mail.com,9999900817,Miami,FL,19103
CUST00819,Name818,Surname818,Female,1988-01-28,user818@mail.com,9999900818,Dallas,TX,77922
CUST00820,Name819,Surname819,Male,1984-12-20,user819@mail.com,9999900819,Dallas,TX,36244
CUST00821,Name820,Surname820,Female,1987-10-28,user820@mail.com,9999900820,Los Angeles,CA,35905
CUST00822,Name821,Surname821,Male,1995-06-07,user821@mail.com,9999900821,Dallas,FL,33006
CUST00823,Name822,Surname822,Female,1988-03-05,user822@mail.com,9999900822,New York,FL,80578
CUST00824,Name823,Surname823,Male,1977-08-28,user823@mail.com,9999900823,Seattle,NY,68054
CUST00825,Name824,Surname824,Male,1999-11-22,user824@mail.com,9999900824,Dallas,CA,16136
CUST00826,Name825,Surname825,Female,1990-08-20,user825@mail.com,9999900825,Miami,WA,83989
CUST00827,Name826,Surname826,Female,1999-07-15,user826@mail.com,9999900826,Seattle,NY,26163
CUST00828,Name827,Surname827,Male,1991-05-19,user827@mail.com,9999900827,Seattle,NY,49129
CUST00829,Name828,Surname828,Female,1980-09-26,user828@mail.com,9999900828,Dallas,FL,52071
CUST00830,Name829,Surname829,Female,1999-04-20,user829@mail.com,9999900829,Seattle,FL,45783
CUST00831,Name830,Surname830,Female,1984-11-05,user830@mail.com,9999900830,Los Angeles,CA,32311
CUST00832,Name831,Surname831,Male,1977-05-10,user831@mail.com,9999900831,Los Angeles,CA,76258
CUST00833,Name832,Surname832,Female,1999-01-21,user832@mail.com,9999900832,Dallas,NY,91616
CUST00834,Name833,Surname833,Female,1993-08-29,user833@mail.com,9999900833,Dallas,FL,60034
CUST00835,Name834,Surname834,Female,1985-11-24,user834@mail.com,9999900834,Seattle,FL,94487
CUST00836,Name835,Surname835,Male,1973-03-23,user835@mail.com,9999900835,Seattle,TX,83825
CUST00837,Name836,Surname836,Male,1977-01-03,user836@mail.com,9999900836,Los Angeles,WA,80688
CUST00838,Name837,Surname837,Male,1972-06-03,user837@mail.com,9999900837,Dallas,TX,55276
CUST00839,Name838,Surname838,Male,1984-04-14,user838@mail.com,9999900838,New York,TX,19121
CUST00840,Name839,Surname839,Female,1977-12-31,user839@mail.com,9999900839,Seattle,NY,65580
CUST00841,Name840,Surname840,Male,1970-05-05,user840@mail.com,9999900840,Seattle,FL,55181
CUST00842,Name841,Surname841,Female,1986-11-26,user841@mail.com,9999900841,Miami,WA,48671
CUST00843,Name842,Surname842,Female,1980-08-08,user842@mail.com,9999900842,New York,CA,57448
CUST00844,Name843,Surname843,Male,1976-02-22,user843@mail.com,9999900843,Miami,NY,98891
CUST00845,Name844,Surname844,Female,1998-08-27,user844@mail.com,9999900844,Dallas,FL,42336
CUST00846,Name845,Surname845,Male,1982-10-01,user845@mail.com,9999900845,New York,WA,64566
CUST00847,Name846,Surname846,Male,1995-02-16,user846@mail.com,9999900846,Miami,FL,90072
CUST00848,Name847,Surname847,Male,1971-01-17,user847@mail.com,9999900847,Los Angeles,FL,48068
CUST00849,Name848,Surname848,Female,1985-11-10,user848@mail.com,9999900848,New York,FL,60914
CUST00850,Name849,Surname849,Male,1986-08-31,user849@mail.com,9999900849,New York,NY,54218
CUST00851,Name850,Surname850,Female,1986-01-04,user850@mail.com,9999900850,New York,TX,21659
CUST00852,Name851,Surname851,Female,1985-05-28,user851@mail.com,9999900851,New York,TX,75609
CUST00853,Name852,Surname852,Male,1994-10-17,user852@mail.com,9999900852,Dallas,TX,42722
CUST00854,Name853,Surname853,Female,1974-10-27,user853@mail.com,9999900853,New York,NY,29428
CUST00855,Name854,Surname854,Female,1976-02-10,user854@mail.com,9999900854,Dallas,WA,52264
CUST00856,Name855,Surname855,Male,1976-10-23,user855@mail.com,9999900855,Seattle,FL,71870
CUST00857,Name856,Surname856,Female,1992-10-21,user856@mail.com,9999900856,Los Angeles,NY,76797
CUST00858,Name857,Surname857,Female,1976-05-28,user857@mail.com,9999900857,Seattle,FL,30574
CUST00859,Name858,Surname858,Male,1994-05-27,user858@mail.com,9999900858,Dallas,FL,27593
CUST00860,Name859,Surname859,Female,1993-09-09,user859@mail.com,9999900859,Dallas,NY,48638
CUST00861,Name860,Surname860,Male,1982-03-05,user860@mail.com,9999900860,Seattle,TX,76605
CUST00862,Name861,Surname861,Female,1979-12-10,user861@mail.com,9999900861,Los Angeles,NY,24888
CUST00863,Name862,Surname862,Male,1995-03-03,user862@mail.com,9999900862,Miami,TX,31939
CUST00864,Name863,Surname863,Male,1974-03-10,user863@mail.com,9999900863,Dallas,CA,63241
CUST00865,Name864,Surname864,Female,1982-05-13,user864@mail.com,9999900864,Miami,FL,58906
CUST00866,Name865,Surname865,Male,1975-10-27,user865@mail.com,9999900865,Los Angeles,FL,96644
CUST00867,Name866,Surname866,Female,1995-11-24,user866@mail.com,9999900866,Seattle,WA,70980
CUST00868,Name867,Surname867,Male,1973-03-21,user867@mail.com,9999900867,New York,WA,40955
CUST00869,Name868,Surname868,Male,1982-12-22,user868@mail.com,9999900868,Dallas,TX,79123
CUST00870,Name869,Surname869,Female,1977-07-20,user869@mail.com,9999900869,New York,NY,30521
CUST00871,Name870,Surname870,Female,1982-09-09,user870@mail.com,9999900870,New York,CA,76934
CUST00872,Name871,Surname871,Female,1974-11-05,user871@mail.com,9999900871,Los Angeles,CA,11285
CUST00873,Name872,Surname872,Male,1971-02-07,user872@mail.com,9999900872,New York,CA,92984
CUST00874,Name873,Surname873,Female,1979-03-29,user873@mail.com,9999900873,Los Angeles,NY,38518
CUST00875,Name874,Surname874,Male,1988-07-18,user874@mail.com,9999900874,Dallas,NY,63370
CUST00876,Name875,Surname875,Male,1993-06-11,user875@mail.com,9999900875,New York,FL,23311
CUST00877,Name876,Surname876,Female,1972-12-12,user876@mail.com,9999900876,New York,WA,10030
CUST00878,Name877,Surname877,Male,1975-08-12,user877@mail.com,9999900877,Seattle,WA,90342
CUST00879,Name878,Surname878,Female,1979-04-26,user878@mail.com,9999900878,Seattle,NY,96264
CUST00880,Name879,Surname879,Female,1991-11-10,user879@mail.com,9999900879,Los Angeles,FL,30008
CUST00881,Name880,Surname880,Male,1985-10-29,user880@mail.com,9999900880,Miami,FL,65463
CUST00882,Name881,Surname881,Female,1996-02-10,user881@mail.com,9999900881,Miami,FL,14920
CUST00883,Name882,Surname882,Female,1997-04-15,user882@mail.com,9999900882,Miami,NY,60241
CUST00884,Name883,Surname883,Male,1995-11-29,user883@mail.com,9999900883,Dallas,TX,47842
CUST00885,Name884,Surname884,Male,1970-10-24,user884@mail.com,9999900884,Los Angeles,FL,86038
CUST00886,Name885,Surname885,Male,1972-07-21,user885@mail.com,9999900885,Dallas,NY,90341
CUST00887,Name886,Surname886,Female,1995-07-13,user886@mail.com,9999900886,Miami,WA,83902
CUST00888,Name887,Surname887,Male,1985-02-19,user887@mail.com,9999900887,Miami,NY,41070
CUST00889,Name888,Surname888,Male,1999-07-18,user888@mail.com,9999900888,Seattle,NY,67802
CUST00890,Name889,Surname889,Female,1983-11-04,user889@mail.com,9999900889,Miami,NY,90413
CUST00891,Name890,Surname890,Female,1986-12-21,user890@mail.com,9999900890,Seattle,FL,12176
CUST00892,Name891,Surname891,Male,1984-10-01,user891@mail.com,9999900891,New York,TX,87374
CUST00893,Name892,Surname892,Male,1970-07-16,user892@mail.com,9999900892,Los Angeles,CA,11067
CUST00894,Name893,Surname893,Male,1996-10-06,user893@mail.com,9999900893,Dallas,FL,39336
CUST00895,Name894,Surname894,Male,1993-06-01,user894@mail.com,9999900894,Dallas,TX,80813
CUST00896,Name895,Surname895,Female,1991-03-30,user895@mail.com,9999900895,Miami,NY,44938
CUST00897,Name896,Surname896,Male,1989-12-24,user896@mail.com,9999900896,Miami,TX,33179
CUST00898,Name897,Surname897,Male,1972-01-06,user897@mail.com,9999900897,New York,TX,26934
CUST00899,Name898,Surname898,Female,1990-05-13,user898@mail.com,9999900898,Los Angeles,FL,66313
CUST00900,Name899,Surname899,Male,1984-08-23,user899@mail.com,9999900899,Los Angeles,WA,50755
CUST00901,Name900,Surname900,Female,1977-07-11,user900@mail.com,9999900900,Miami,CA,29393
CUST00902,Name901,Surname901,Male,1995-07-03,user901@mail.com,9999900901,Los Angeles,WA,49811
CUST00903,Name902,Surname902,Male,1988-05-06,user902@mail.com,9999900902,Dallas,CA,79995
CUST00904,Name903,Surname903,Male,1989-03-19,user903@mail.com,9999900903,Los Angeles,NY,32463
CUST00905,Name904,Surname904,Female,1987-07-21,user904@mail.com,9999900904,Dallas,WA,99289
CUST00906,Name905,Surname905,Female,1978-06-25,user905@mail.com,9999900905,Miami,TX,44030
CUST00907,Name906,Surname906,Female,1984-05-11,user906@mail.com,9999900906,Los Angeles,CA,10255
CUST00908,Name907,Surname907,Female,1984-10-26,user907@mail.com,9999900907,Seattle,WA,47280
CUST00909,Name908,Surname908,Male,1979-07-28,user908@mail.com,9999900908,Miami,TX,79293
CUST00910,Name909,Surname909,Female,1992-01-08,user909@mail.com,9999900909,Dallas,TX,53926
CUST00911,Name910,Surname910,Male,1995-03-23,user910@mail.com,9999900910,Seattle,TX,65655
CUST00912,Name911,Surname911,Male,1988-11-14,user911@mail.com,9999900911,Miami,WA,54116
CUST00913,Name912,Surname912,Female,1989-03-28,user912@mail.com,9999900912,Miami,FL,82996
CUST00914,Name913,Surname913,Female,1987-08-11,user913@mail.com,9999900913,Seattle,NY,57528
CUST00915,Name914,Surname914,Female,1992-06-02,user914@mail.com,9999900914,Los Angeles,TX,65296
CUST00916,Name915,Surname915,Female,1981-12-10,user915@mail.com,9999900915,Seattle,CA,52541
CUST00917,Name916,Surname916,Male,1987-11-19,user916@mail.com,9999900916,Seattle,TX,50091
CUST00918,Name917,Surname917,Male,1997-06-17,user917@mail.com,9999900917,Los Angeles,CA,69589
CUST00919,Name918,Surname918,Male,1995-02-12,user918@mail.com,9999900918,Miami,NY,15379
CUST00920,Name919,Surname919,Female,1997-01-30,user919@mail.com,9999900919,New York,NY,68251
CUST00921,Name920,Surname920,Female,1987-04-12,user920@mail.com,9999900920,New York,NY,83887
CUST00922,Name921,Surname921,Female,1980-12-11,user921@mail.com,9999900921,Los Angeles,WA,49145
CUST00923,Name922,Surname922,Female,1980-08-23,user922@mail.com,9999900922,Los Angeles,WA,17388
CUST00924,Name923,Surname923,Female,1982-06-18,user923@mail.com,9999900923,Seattle,CA,70431
CUST00925,Name924,Surname924,Female,1979-05-14,user924@mail.com,9999900924,New York,TX,83828
CUST00926,Name925,Surname925,Female,1999-01-13,user925@mail.com,9999900925,Miami,WA,41732
CUST00927,Name926,Surname926,Male,1993-04-21,user926@mail.com,9999900926,Los Angeles,TX,86400
CUST00928,Name927,Surname927,Female,1973-02-09,user927@mail.com,9999900927,Los Angeles,CA,62291
CUST00929,Name928,Surname928,Female,1993-01-30,user928@mail.com,9999900928,Los Angeles,TX,77949
CUST00930,Name929,Surname929,Female,1999-02-21,user929@mail.com,9999900929,New York,WA,88107
CUST00931,Name930,Surname930,Male,1990-10-25,user930@mail.com,9999900930,Los Angeles,TX,45770
CUST00932,Name931,Surname931,Male,1991-01-31,user931@mail.com,9999900931,Miami,TX,30820
CUST00933,Name932,Surname932,Male,1994-08-10,user932@mail.com,9999900932,Dallas,NY,14282
CUST00934,Name933,Surname933,Male,1981-12-21,user933@mail.com,9999900933,Seattle,FL,74101
CUST00935,Name934,Surname934,Male,1982-01-19,user934@mail.com,9999900934,Miami,WA,93947
CUST00936,Name935,Surname935,Male,1984-07-15,user935@mail.com,9999900935,Los Angeles,WA,68190
CUST00937,Name936,Surname936,Female,1971-11-21,user936@mail.com,9999900936,New York,TX,69583
CUST00938,Name937,Surname937,Female,1980-01-10,user937@mail.com,9999900937,New York,FL,60979
CUST00939,Name938,Surname938,Female,1970-12-15,user938@mail.com,9999900938,Miami,WA,11418
CUST00940,Name939,Surname939,Female,1983-12-16,user939@mail.com,9999900939,Los Angeles,CA,15653
CUST00941,Name940,Surname940,Male,1971-11-02,user940@mail.com,9999900940,Miami,WA,35836
CUST00942,Name941,Surname941,Male,1976-01-14,user941@mail.com,9999900941,Seattle,CA,21552
CUST00943,Name942,Surname942,Male,1976-06-20,user942@mail.com,9999900942,Los Angeles,FL,84220
CUST00944,Name943,Surname943,Female,1986-04-18,user943@mail.com,9999900943,New York,FL,79535
CUST00945,Name944,Surname944,Male,1990-08-07,user944@mail.com,9999900944,New York,FL,86983
CUST00946,Name945,Surname945,Female,1986-08-13,user945@mail.com,9999900945,Los Angeles,TX,60816
CUST00947,Name946,Surname946,Male,1978-02-18,user946@mail.com,9999900946,Miami,FL,39131
CUST00948,Name947,Surname947,Male,1975-02-23,user947@mail.com,9999900947,Dallas,WA,47938
CUST00949,Name948,Surname948,Female,1998-05-24,user948@mail.com,9999900948,Miami,FL,94555
CUST00950,Name949,Surname949,Female,1979-04-21,user949@mail.com,9999900949,New York,FL,54647
CUST00951,Name950,Surname950,Female,1991-07-18,user950@mail.com,9999900950,New York,WA,72067
CUST00952,Name951,Surname951,Male,1970-07-11,user951@mail.com,9999900951,Dallas,WA,75580
CUST00953,Name952,Surname952,Female,1991-02-09,user952@mail.com,9999900952,New York,FL,14442
CUST00954,Name953,Surname953,Female,1979-02-13,user953@mail.com,9999900953,Los Angeles,NY,78722
CUST00955,Name954,Surname954,Male,1997-06-20,user954@mail.com,9999900954,Miami,NY,49248
CUST00956,Name955,Surname955,Female,1975-05-28,user955@mail.com,9999900955,Dallas,NY,71391
CUST00957,Name956,Surname956,Female,1990-11-28,user956@mail.com,9999900956,Los Angeles,FL,92409
CUST00958,Name957,Surname957,Female,1974-05-10,user957@mail.com,9999900957,Dallas,NY,83864
CUST00959,Name958,Surname958,Male,1980-04-03,user958@mail.com,9999900958,Los Angeles,FL,33300
CUST00960,Name959,Surname959,Male,1982-02-06,user959@mail.com,9999900959,Seattle,WA,40358
CUST00961,Name960,Surname960,Female,1971-03-22,user960@mail.com,9999900960,Los Angeles,WA,97212
CUST00962,Name961,Surname961,Female,1995-12-27,user961@mail.com,9999900961,Dallas,WA,66603
CUST00963,Name962,Surname962,Male,1991-06-24,user962@mail.com,9999900962,Dallas,NY,84127
CUST00964,Name963,Surname963,Female,1987-06-20,user963@mail.com,9999900963,New York,CA,24692
CUST00965,Name964,Surname964,Female,1994-02-06,user964@mail.com,9999900964,New York,NY,94532
CUST00966,Name965,Surname965,Female,1981-06-07,user965@mail.com,9999900965,New York,WA,79260
CUST00967,Name966,Surname966,Male,1989-02-27,user966@mail.com,9999900966,Los Angeles,FL,61071
CUST00968,Name967,Surname967,Male,1990-05-10,user967@mail.com,9999900967,Seattle,FL,62147
CUST00969,Name968,Surname968,Male,1980-07-20,user968@mail.com,9999900968,Dallas,NY,31294
CUST00970,Name969,Surname969,Female,1972-11-07,user969@mail.com,9999900969,Seattle,TX,37791
CUST00971,Name970,Surname970,Female,1982-01-22,user970@mail.com,9999900970,Miami,NY,68371
CUST00972,Name971,Surname971,Female,1989-02-21,user971@mail.com,9999900971,Dallas,NY,14017
CUST00973,Name972,Surname972,Male,1974-11-18,user972@mail.com,9999900972,Seattle,WA,35591
CUST00974,Name973,Surname973,Female,1991-11-07,user973@mail.com,9999900973,New York,CA,75918
CUST00975,Name974,Surname974,Male,1997-03-09,user974@mail.com,9999900974,Miami,CA,81067
CUST00976,Name975,Surname975,Female,1995-03-15,user975@mail.com,9999900975,Dallas,NY,70517
CUST00977,Name976,Surname976,Male,1987-10-12,user976@mail.com,9999900976,Dallas,FL,87847
CUST00978,Name977,Surname977,Female,1993-12-20,user977@mail.com,9999900977,Miami,NY,17156
CUST00979,Name978,Surname978,Female,1994-08-20,user978@mail.com,9999900978,Seattle,FL,23101
CUST00980,Name979,Surname979,Male,1998-02-09,user979@mail.com,9999900979,Los Angeles,TX,52990
CUST00981,Name980,Surname980,Male,1985-03-29,user980@mail.com,9999900980,Dallas,CA,21497
CUST00982,Name981,Surname981,Female,1978-12-31,user981@mail.com,9999900981,Seattle,CA,83780
CUST00983,Name982,Surname982,Male,1974-02-03,user982@mail.com,9999900982,Dallas,CA,47461
CUST00984,Name983,Surname983,Female,1983-12-16,user983@mail.com,9999900983,Seattle,CA,23488
CUST00985,Name984,Surname984,Female,1986-02-01,user984@mail.com,9999900984,Dallas,WA,27350
CUST00986,Name985,Surname985,Female,1998-05-03,user985@mail.com,9999900985,New York,NY,26139
CUST00987,Name986,Surname986,Male,1999-04-10,user986@mail.com,9999900986,New York,NY,71085
CUST00988,Name987,Surname987,Female,1994-12-22,user987@mail.com,9999900987,Dallas,TX,64732
CUST00989,Name988,Surname988,Female,1973-11-16,user988@mail.com,9999900988,New York,CA,34958
CUST00990,Name989,Surname989,Female,1989-10-15,user989@mail.com,9999900989,Seattle,NY,16869
CUST00991,Name990,Surname990,Male,1972-01-30,user990@mail.com,9999900990,Miami,NY,69673
CUST00992,Name991,Surname991,Female,1993-03-23,user991@mail.com,9999900991,Dallas,WA,93386
CUST00993,Name992,Surname992,Female,1977-02-05,user992@mail.com,9999900992,New York,TX,96484
CUST00994,Name993,Surname993,Female,1986-07-23,user993@mail.com,9999900993,Seattle,CA,77408
CUST00995,Name994,Surname994,Male,1995-09-11,user994@mail.com,9999900994,Los Angeles,CA,26014
CUST00996,Name995,Surname995,Female,1974-03-14,user995@mail.com,9999900995,Los Angeles,CA,23935
CUST00997,Name996,Surname996,Male,1994-01-21,user996@mail.com,9999900996,New York,TX,90089
CUST00998,Name997,Surname997,Female,1996-10-14,user997@mail.com,9999900997,Dallas,NY,86827
CUST00999,Name998,Surname998,Female,1987-04-26,user998@mail.com,9999900998,Miami,TX,90480
CUST01000,Name999,Surname999,Male,1979-07-22,user999@mail.com,9999900999,Dallas,WA,64562
