payment_id,policy_id,payment_date,amount,payment_method,transaction_id,status
PAY00001,POL00001,2022-05-24,119.85,Net Banking,TXN00001,Success
PAY00002,POL00002,2022-02-16,1784.81,UPI,TXN00002,Success
PAY00003,POL00003,2022-07-08,1210.99,Net Banking,TXN00003,Success
PAY00004,POL00004,2022-12-09,235.25,Bank Transfer,TXN00004,Success
PAY00005,POL00005,2023-02-10,1239.81,Debit Card,TXN00005,Success
PAY00006,POL00006,2023-01-14,874.09,Net Banking,TXN00006,Success
PAY00007,POL00007,2023-02-26,1577.94,UPI,TXN00007,Success
PAY00008,POL00008,2023-01-29,417.32,Bank Transfer,TXN00008,Success
PAY00009,POL00009,2022-10-22,568.27,UPI,TXN00009,Success
PAY00010,POL00010,2023-07-25,878.84,UPI,TXN00010,Success
PAY00011,POL00011,2023-04-18,516.51,Bank Transfer,TXN00011,Success
PAY00012,POL00012,2022-08-29,238.9,Net Banking,TXN00012,Success
PAY00013,POL00013,2022-02-22,1832.34,Debit Card,TXN00013,Success
PAY00014,POL00014,2022-11-24,1788.18,Net Banking,TXN00014,Success
PAY00015,POL00015,2023-12-20,1263.1,Credit Card,TXN00015,Success
PAY00016,POL00016,2022-01-25,399.4,Net Banking,TXN00016,Success
PAY00017,POL00017,2023-02-04,1187.65,UPI,TXN00017,Success
PAY00018,POL00018,2023-02-27,287.18,Debit Card,TXN00018,Success
PAY00019,POL00019,2022-03-10,576.32,Credit Card,TXN00019,Success
PAY00020,POL00020,2023-02-07,477.85,UPI,TXN00020,Success
PAY00021,POL00021,2023-07-02,1459.1,UPI,TXN00021,Success
PAY00022,POL00022,2023-10-01,1475.38,Debit Card,TXN00022,Success
PAY00023,POL00023,2022-12-12,1198.31,UPI,TXN00023,Success
PAY00024,POL00024,2022-12-01,1201.1,UPI,TXN00024,Success
PAY00025,POL00025,2022-03-15,1540.16,Bank Transfer,TXN00025,Success
PAY00026,POL00026,2022-12-10,1583.8,Debit Card,TXN00026,Success
PAY00027,POL00027,2022-05-12,710.28,Credit Card,TXN00027,Success
PAY00028,POL00028,2022-01-30,1897.16,Debit Card,TXN00028,Success
PAY00029,POL00029,2022-07-29,1860.22,Net Banking,TXN00029,Success
PAY00030,POL00030,2022-08-03,1472.94,Credit Card,TXN00030,Success
PAY00031,POL00031,2022-11-23,1764.8,Bank Transfer,TXN00031,Success
PAY00032,POL00032,2023-02-19,1889.58,Net Banking,TXN00032,Success
PAY00033,POL00033,2022-10-24,296.4,UPI,TXN00033,Success
PAY00034,POL00034,2023-12-06,304.25,Debit Card,TXN00034,Success
PAY00035,POL00035,2022-06-21,132.81,Credit Card,TXN00035,Success
PAY00036,POL00036,2023-12-02,1521.93,Net Banking,TXN00036,Success
PAY00037,POL00037,2023-12-01,788.84,Credit Card,TXN00037,Success
PAY00038,POL00038,2022-02-03,1667.3,Bank Transfer,TXN00038,Success
PAY00039,POL00039,2022-06-21,1828.89,UPI,TXN00039,Success
PAY00040,POL00040,2023-01-27,1589.65,Credit Card,TXN00040,Success
PAY00041,POL00041,2023-08-15,911.55,UPI,TXN00041,Success
PAY00042,POL00042,2022-02-10,698.19,Net Banking,TXN00042,Success
PAY00043,POL00043,2022-02-20,794.93,Debit Card,TXN00043,Success
PAY00044,POL00044,2023-03-12,533.68,UPI,TXN00044,Success
PAY00045,POL00045,2022-06-01,359.64,Credit Card,TXN00045,Success
PAY00046,POL00046,2022-09-15,202.75,Credit Card,TXN00046,Success
PAY00047,POL00047,2022-11-12,1900.81,Debit Card,TXN00047,Success
PAY00048,POL00048,2022-03-23,1472.99,Credit Card,TXN00048,Success
PAY00049,POL00049,2023-06-17,1901.89,Credit Card,TXN00049,Success
PAY00050,POL00050,2023-01-05,1747.14,UPI,TXN00050,Success
PAY00051,POL00051,2023-04-23,601.5,Bank Transfer,TXN00051,Success
PAY00052,POL00052,2023-12-19,704.56,Debit Card,TXN00052,Success
PAY00053,POL00053,2023-04-30,970.67,UPI,TXN00053,Success
PAY00054,POL00054,2022-10-24,691.45,Debit Card,TXN00054,Success
PAY00055,POL00055,2023-06-17,505.87,Credit Card,TXN00055,Success
PAY00056,POL00056,2023-06-07,115.52,Credit Card,TXN00056,Success
PAY00057,POL00057,2022-04-01,805.11,UPI,TXN00057,Success
PAY00058,POL00058,2022-07-16,1503.58,UPI,TXN00058,Success
PAY00059,POL00059,2023-03-04,577.48,Bank Transfer,TXN00059,Success
PAY00060,POL00060,2023-03-02,853.29,Credit Card,TXN00060,Success
PAY00061,POL00061,2022-11-17,1500.2,Debit Card,TXN00061,Success
PAY00062,POL00062,2022-08-24,1362.43,Debit Card,TXN00062,Success
PAY00063,POL00063,2022-07-14,550.19,UPI,TXN00063,Success
PAY00064,POL00064,2023-03-13,1543.88,UPI,TXN00064,Success
PAY00065,POL00065,2022-09-01,1297.98,Net Banking,TXN00065,Success
PAY00066,POL00066,2023-11-17,385.82,UPI,TXN00066,Success
PAY00067,POL00067,2023-03-18,1871.81,Debit Card,TXN00067,Success
PAY00068,POL00068,2023-01-26,666.58,Net Banking,TXN00068,Success
PAY00069,POL00069,2022-03-02,1703.46,Credit Card,TXN00069,Success
PAY00070,POL00070,2023-10-15,1864.69,Debit Card,TXN00070,Success
PAY00071,POL00071,2022-12-24,325.96,Debit Card,TXN00071,Success
PAY00072,POL00072,2022-04-20,980.19,Credit Card,TXN00072,Success
PAY00073,POL00073,2023-10-04,1865.95,Bank Transfer,TXN00073,Success
PAY00074,POL00074,2023-05-12,1552.87,Debit Card,TXN00074,Success
PAY00075,POL00075,2022-01-14,263.85,UPI,TXN00075,Success
PAY00076,POL00076,2023-11-06,905.04,Debit Card,TXN00076,Success
PAY00077,POL00077,2023-07-19,134.83,Credit Card,TXN00077,Success
PAY00078,POL00078,2023-08-28,910.62,Debit Card,TXN00078,Success
PAY00079,POL00079,2023-04-15,1624.87,Debit Card,TXN00079,Success
PAY00080,POL00080,2023-05-08,758.08,Bank Transfer,TXN00080,Success
PAY00081,POL00081,2023-07-09,1920.51,Net Banking,TXN00081,Success
PAY00082,POL00082,2023-11-20,192.11,UPI,TXN00082,Success
PAY00083,POL00083,2022-08-12,156.35,Debit Card,TXN00083,Success
PAY00084,POL00084,2022-12-31,1320.58,Credit Card,TXN00084,Success
PAY00085,POL00085,2023-10-09,1941.63,Credit Card,TXN00085,Success
PAY00086,POL00086,2022-09-11,1714.6,Net Banking,TXN00086,Success
PAY00087,POL00087,2023-09-05,1579.24,Debit Card,TXN00087,Success
PAY00088,POL00088,2022-12-02,1499.6,Bank Transfer,TXN00088,Success
PAY00089,POL00089,2023-02-27,631.08,Debit Card,TXN00089,Success
PAY00090,POL00090,2023-02-03,1479.73,Debit Card,TXN00090,Success
PAY00091,POL00091,2022-09-11,1961.16,Credit Card,TXN00091,Success
PAY00092,POL00092,2023-07-31,1950.57,Credit Card,TXN00092,Success
PAY00093,POL00093,2023-08-14,1060.33,UPI,TXN00093,Success
PAY00094,POL00094,2022-02-21,1383.64,UPI,TXN00094,Success
PAY00095,POL00095,2022-04-09,646.16,Bank Transfer,TXN00095,Success
PAY00096,POL00096,2023-10-12,245.24,UPI,TXN00096,Success
PAY00097,POL00097,2023-03-08,1654.6,Credit Card,TXN00097,Success
PAY00098,POL00098,2023-11-29,1279.0,UPI,TXN00098,Success
PAY00099,POL00099,2022-03-17,1160.85,Bank Transfer,TXN00099,Success
PAY00100,POL00100,2023-12-02,1092.07,Bank Transfer,TXN00100,Success
PAY00101,POL00101,2023-04-09,1351.42,Net Banking,TXN00101,Success
PAY00102,POL00102,2023-07-19,900.64,Bank Transfer,TXN00102,Success
PAY00103,POL00103,2023-11-01,673.44,Net Banking,TXN00103,Success
PAY00104,POL00104,2022-05-14,1899.46,UPI,TXN00104,Success
PAY00105,POL00105,2022-12-27,533.43,Credit Card,TXN00105,Success
PAY00106,POL00106,2022-11-03,1714.52,Debit Card,TXN00106,Success
PAY00107,POL00107,2022-05-11,729.91,Net Banking,TXN00107,Success
PAY00108,POL00108,2022-01-28,1008.46,Credit Card,TXN00108,Success
PAY00109,POL00109,2024-01-01,1106.45,Net Banking,TXN00109,Success
PAY00110,POL00110,2022-04-06,912.05,Credit Card,TXN00110,Success
PAY00111,POL00111,2023-04-23,1828.95,Bank Transfer,TXN00111,Success
PAY00112,POL00112,2023-06-15,669.63,UPI,TXN00112,Success
PAY00113,POL00113,2022-01-24,1787.92,Bank Transfer,TXN00113,Success
PAY00114,POL00114,2023-02-13,1871.83,Net Banking,TXN00114,Success
PAY00115,POL00115,2023-12-29,172.95,Bank Transfer,TXN00115,Success
PAY00116,POL00116,2023-08-25,367.88,Bank Transfer,TXN00116,Success
PAY00117,POL00117,2023-02-28,1118.81,Credit Card,TXN00117,Success
PAY00118,POL00118,2023-11-25,1208.19,Credit Card,TXN00118,Success
PAY00119,POL00119,2022-03-21,252.71,Debit Card,TXN00119,Success
PAY00120,POL00120,2022-07-21,777.52,Bank Transfer,TXN00120,Success
PAY00121,POL00121,2022-06-19,755.94,Credit Card,TXN00121,Success
PAY00122,POL00122,2022-10-29,584.58,UPI,TXN00122,Success
PAY00123,POL00123,2022-03-18,1690.34,UPI,TXN00123,Success
PAY00124,POL00124,2022-11-07,926.48,Net Banking,TXN00124,Success
PAY00125,POL00125,2023-02-13,1690.79,Credit Card,TXN00125,Success
PAY00126,POL00126,2022-10-28,1428.55,Bank Transfer,TXN00126,Success
PAY00127,POL00127,2022-03-21,1708.01,Debit Card,TXN00127,Success
PAY00128,POL00128,2022-07-26,1451.37,UPI,TXN00128,Success
PAY00129,POL00129,2022-01-30,1984.24,Debit Card,TXN00129,Success
PAY00130,POL00130,2023-03-10,1047.7,Net Banking,TXN00130,Success
PAY00131,POL00131,2023-08-15,1782.5,Net Banking,TXN00131,Success
PAY00132,POL00132,2023-09-30,1843.67,Net Banking,TXN00132,Success
PAY00133,POL00133,2023-05-18,120.64,Net Banking,TXN00133,Success
PAY00134,POL00134,2023-05-16,599.18,Debit Card,TXN00134,Success
PAY00135,POL00135,2022-02-20,1776.45,UPI,TXN00135,Success
PAY00136,POL00136,2023-03-01,1152.96,Bank Transfer,TXN00136,Success
PAY00137,POL00137,2022-03-20,1459.1,Bank Transfer,TXN00137,Success
PAY00138,POL00138,2022-06-15,1103.8,Bank Transfer,TXN00138,Success
PAY00139,POL00139,2023-12-08,1207.79,Bank Transfer,TXN00139,Success
PAY00140,POL00140,2023-08-05,587.67,UPI,TXN00140,Success
PAY00141,POL00141,2023-10-26,841.79,Bank Transfer,TXN00141,Success
PAY00142,POL00142,2022-05-05,1585.36,UPI,TXN00142,Success
PAY00143,POL00143,2022-02-19,1719.02,Credit Card,TXN00143,Success
PAY00144,POL00144,2023-10-21,249.03,UPI,TXN00144,Success
PAY00145,POL00145,2022-01-12,443.68,Net Banking,TXN00145,Success
PAY00146,POL00146,2022-05-30,1005.19,Credit Card,TXN00146,Success
PAY00147,POL00147,2023-05-13,104.29,Net Banking,TXN00147,Success
PAY00148,POL00148,2022-07-30,380.31,Debit Card,TXN00148,Success
PAY00149,POL00149,2022-04-26,1107.59,UPI,TXN00149,Success
PAY00150,POL00150,2023-11-18,1949.71,Bank Transfer,TXN00150,Success
PAY00151,POL00151,2022-11-09,1282.2,Bank Transfer,TXN00151,Success
PAY00152,POL00152,2023-08-10,687.64,Net Banking,TXN00152,Success
PAY00153,POL00153,2023-02-09,600.3,Credit Card,TXN00153,Success
PAY00154,POL00154,2022-05-05,1134.69,Debit Card,TXN00154,Success
PAY00155,POL00155,2023-05-01,1438.01,Bank Transfer,TXN00155,Success
PAY00156,POL00156,2022-12-23,369.89,Debit Card,TXN00156,Success
PAY00157,POL00157,2023-09-12,1354.31,Bank Transfer,TXN00157,Success
PAY00158,POL00158,2023-10-26,1234.41,Credit Card,TXN00158,Success
PAY00159,POL00159,2022-07-19,658.23,Net Banking,TXN00159,Success
PAY00160,POL00160,2023-12-10,668.65,Net Banking,TXN00160,Success
PAY00161,POL00161,2022-12-16,1082.85,Credit Card,TXN00161,Success
PAY00162,POL00162,2023-12-25,1692.48,Bank Transfer,TXN00162,Success
PAY00163,POL00163,2022-06-14,1678.81,Debit Card,TXN00163,Success
PAY00164,POL00164,2022-02-15,702.61,Debit Card,TXN00164,Success
PAY00165,POL00165,2023-11-26,1852.77,Net Banking,TXN00165,Success
PAY00166,POL00166,2023-11-12,1168.58,Debit Card,TXN00166,Success
PAY00167,POL00167,2022-05-08,159.05,Debit Card,TXN00167,Success
PAY00168,POL00168,2023-11-27,949.33,Credit Card,TXN00168,Success
PAY00169,POL00169,2022-02-08,566.21,Net Banking,TXN00169,Success
PAY00170,POL00170,2023-02-26,929.43,Bank Transfer,TXN00170,Success
PAY00171,POL00171,2022-07-22,1153.72,UPI,TXN00171,Success
PAY00172,POL00172,2022-12-27,286.1,Credit Card,TXN00172,Success
PAY00173,POL00173,2022-07-14,308.23,Net Banking,TXN00173,Success
PAY00174,POL00174,2022-09-16,1903.04,Net Banking,TXN00174,Success
PAY00175,POL00175,2023-06-09,1602.62,Debit Card,TXN00175,Success
PAY00176,POL00176,2022-12-25,1987.5,Bank Transfer,TXN00176,Success
PAY00177,POL00177,2022-06-11,1695.52,Debit Card,TXN00177,Success
PAY00178,POL00178,2022-06-23,356.8,Debit Card,TXN00178,Success
PAY00179,POL00179,2022-12-09,233.97,Debit Card,TXN00179,Success
PAY00180,POL00180,2022-05-21,973.95,Debit Card,TXN00180,Success
PAY00181,POL00181,2023-03-29,157.24,UPI,TXN00181,Success
PAY00182,POL00182,2023-03-15,1971.32,Credit Card,TXN00182,Success
PAY00183,POL00183,2023-11-22,1584.54,Bank Transfer,TXN00183,Success
PAY00184,POL00184,2022-03-23,1435.95,Debit Card,TXN00184,Success
PAY00185,POL00185,2022-06-10,1049.71,Net Banking,TXN00185,Success
PAY00186,POL00186,2023-05-23,803.9,Credit Card,TXN00186,Success
PAY00187,POL00187,2022-05-25,1072.22,Bank Transfer,TXN00187,Success
PAY00188,POL00188,2022-02-12,618.65,Credit Card,TXN00188,Success
PAY00189,POL00189,2023-05-05,1436.58,Debit Card,TXN00189,Success
PAY00190,POL00190,2023-06-24,162.82,Debit Card,TXN00190,Success
PAY00191,POL00191,2022-03-13,1377.42,Net Banking,TXN00191,Success
PAY00192,POL00192,2023-09-14,1627.48,Net Banking,TXN00192,Success
PAY00193,POL00193,2022-06-06,123.57,UPI,TXN00193,Success
PAY00194,POL00194,2023-03-23,1851.75,Net Banking,TXN00194,Success
PAY00195,POL00195,2022-12-12,106.02,UPI,TXN00195,Success
PAY00196,POL00196,2023-10-14,1876.7,Bank Transfer,TXN00196,Success
PAY00197,POL00197,2023-05-25,1236.1,UPI,TXN00197,Success
PAY00198,POL00198,2023-08-23,700.68,Net Banking,TXN00198,Success
PAY00199,POL00199,2023-11-22,1356.07,Bank Transfer,TXN00199,Success
PAY00200,POL00200,2023-07-09,1127.88,Bank Transfer,TXN00200,Success
PAY00201,POL00201,2022-02-08,1568.89,Credit Card,TXN00201,Success
PAY00202,POL00202,2023-09-14,1133.88,Credit Card,TXN00202,Success
PAY00203,POL00203,2023-04-09,1181.27,Debit Card,TXN00203,Success
PAY00204,POL00204,2023-11-16,637.4,Debit Card,TXN00204,Success
PAY00205,POL00205,2023-11-30,1592.71,Credit Card,TXN00205,Success
PAY00206,POL00206,2023-06-10,951.31,UPI,TXN00206,Success
PAY00207,POL00207,2023-10-13,1780.91,Credit Card,TXN00207,Success
PAY00208,POL00208,2022-03-19,1862.57,Credit Card,TXN00208,Success
PAY00209,POL00209,2023-11-06,565.43,UPI,TXN00209,Success
PAY00210,POL00210,2023-02-25,1078.11,Net Banking,TXN00210,Success
PAY00211,POL00211,2022-03-24,1821.31,Bank Transfer,TXN00211,Success
PAY00212,POL00212,2023-04-05,861.99,Net Banking,TXN00212,Success
PAY00213,POL00213,2022-06-25,1560.42,Debit Card,TXN00213,Success
PAY00214,POL00214,2022-01-30,1481.56,Credit Card,TXN00214,Success
PAY00215,POL00215,2022-11-24,628.24,Bank Transfer,TXN00215,Success
PAY00216,POL00216,2022-10-13,190.37,Net Banking,TXN00216,Success
PAY00217,POL00217,2023-07-05,1532.59,Debit Card,TXN00217,Success
PAY00218,POL00218,2023-01-17,578.98,UPI,TXN00218,Success
PAY00219,POL00219,2023-01-21,1862.73,Debit Card,TXN00219,Success
PAY00220,POL00220,2023-02-13,410.1,Bank Transfer,TXN00220,Success
PAY00221,POL00221,2022-09-10,477.83,Debit Card,TXN00221,Success
PAY00222,POL00222,2022-08-29,1976.4,Net Banking,TXN00222,Success
PAY00223,POL00223,2023-11-10,1540.42,UPI,TXN00223,Success
PAY00224,POL00224,2023-08-24,1018.14,Bank Transfer,TXN00224,Success
PAY00225,POL00225,2023-05-08,364.52,Net Banking,TXN00225,Success
PAY00226,POL00226,2023-03-29,1896.22,Net Banking,TXN00226,Success
PAY00227,POL00227,2023-07-10,1451.0,UPI,TXN00227,Success
PAY00228,POL00228,2023-06-21,1894.55,Bank Transfer,TXN00228,Success
PAY00229,POL00229,2023-06-27,363.96,Bank Transfer,TXN00229,Success
PAY00230,POL00230,2022-06-02,1342.63,UPI,TXN00230,Success
PAY00231,POL00231,2023-01-04,1670.18,Debit Card,TXN00231,Success
PAY00232,POL00232,2023-01-10,266.08,Net Banking,TXN00232,Success
PAY00233,POL00233,2023-10-07,1942.12,Credit Card,TXN00233,Success
PAY00234,POL00234,2023-06-03,957.01,UPI,TXN00234,Success
PAY00235,POL00235,2023-05-31,471.93,Net Banking,TXN00235,Success
PAY00236,POL00236,2022-10-17,1209.22,Net Banking,TXN00236,Success
PAY00237,POL00237,2023-01-17,810.13,Debit Card,TXN00237,Success
PAY00238,POL00238,2023-12-04,940.16,Net Banking,TXN00238,Success
PAY00239,POL00239,2022-08-09,1164.44,UPI,TXN00239,Success
PAY00240,POL00240,2022-07-14,630.28,UPI,TXN00240,Success
PAY00241,POL00241,2022-07-28,1778.1,Bank Transfer,TXN00241,Success
PAY00242,POL00242,2022-09-10,809.64,Debit Card,TXN00242,Success
PAY00243,POL00243,2022-05-11,1772.61,Bank Transfer,TXN00243,Success
PAY00244,POL00244,2022-12-27,1941.21,Credit Card,TXN00244,Success
PAY00245,POL00245,2023-02-07,806.41,Credit Card,TXN00245,Success
PAY00246,POL00246,2023-12-31,117.09,Debit Card,TXN00246,Success
PAY00247,POL00247,2023-06-19,1909.73,UPI,TXN00247,Success
PAY00248,POL00248,2022-12-03,259.06,Bank Transfer,TXN00248,Success
PAY00249,POL00249,2022-04-24,1138.89,Credit Card,TXN00249,Success
PAY00250,POL00250,2022-07-28,1981.21,Debit Card,TXN00250,Success
PAY00251,POL00251,2022-12-15,700.87,Debit Card,TXN00251,Success
PAY00252,POL00252,2022-02-18,856.51,Net Banking,TXN00252,Success
PAY00253,POL00253,2023-12-28,161.02,Debit Card,TXN00253,Success
PAY00254,POL00254,2023-01-30,379.68,Credit Card,TXN00254,Success
PAY00255,POL00255,2023-05-15,442.61,Net Banking,TXN00255,Success
PAY00256,POL00256,2023-12-22,1055.26,Bank Transfer,TXN00256,Success
PAY00257,POL00257,2022-03-01,1895.67,Debit Card,TXN00257,Success
PAY00258,POL00258,2023-07-27,855.47,UPI,TXN00258,Success
PAY00259,POL00259,2022-04-03,496.76,Debit Card,TXN00259,Success
PAY00260,POL00260,2022-06-07,1367.44,Net Banking,TXN00260,Success
PAY00261,POL00261,2023-02-01,365.16,Debit Card,TXN00261,Success
PAY00262,POL00262,2022-10-12,173.82,Credit Card,TXN00262,Success
PAY00263,POL00263,2023-06-02,1387.94,Net Banking,TXN00263,Success
PAY00264,POL00264,2022-08-21,241.76,Debit Card,TXN00264,Success
PAY00265,POL00265,2023-09-15,1529.58,Net Banking,TXN00265,Success
PAY00266,POL00266,2022-07-05,1010.97,Net Banking,TXN00266,Success
PAY00267,POL00267,2023-03-19,568.24,Net Banking,TXN00267,Success
PAY00268,POL00268,2022-02-14,1196.67,UPI,TXN00268,Success
PAY00269,POL00269,2022-12-25,1983.24,Net Banking,TXN00269,Success
PAY00270,POL00270,2023-08-23,413.0,UPI,TXN00270,Success
PAY00271,POL00271,2022-11-29,1474.96,Bank Transfer,TXN00271,Success
PAY00272,POL00272,2022-04-17,131.78,Net Banking,TXN00272,Success
PAY00273,POL00273,2022-01-30,1794.62,Credit Card,TXN00273,Success
PAY00274,POL00274,2023-07-07,477.01,UPI,TXN00274,Success
PAY00275,POL00275,2023-12-06,1507.39,Bank Transfer,TXN00275,Success
PAY00276,POL00276,2023-11-30,1373.89,Bank Transfer,TXN00276,Success
PAY00277,POL00277,2023-08-29,960.53,Bank Transfer,TXN00277,Success
PAY00278,POL00278,2023-05-22,252.99,UPI,TXN00278,Success
PAY00279,POL00279,2023-12-03,1884.68,UPI,TXN00279,Success
PAY00280,POL00280,2022-04-13,1516.09,Credit Card,TXN00280,Success
PAY00281,POL00281,2022-11-23,237.62,Net Banking,TXN00281,Success
PAY00282,POL00282,2023-08-16,242.85,Credit Card,TXN00282,Success
PAY00283,POL00283,2023-11-25,1871.27,Bank Transfer,TXN00283,Success
PAY00284,POL00284,2022-08-26,1547.35,Net Banking,TXN00284,Success
PAY00285,POL00285,2023-02-23,1924.33,Bank Transfer,TXN00285,Success
PAY00286,POL00286,2023-06-27,1600.48,Debit Card,TXN00286,Success
PAY00287,POL00287,2022-09-30,204.88,UPI,TXN00287,Success
PAY00288,POL00288,2023-10-19,794.36,Bank Transfer,TXN00288,Success
PAY00289,POL00289,2022-05-15,756.13,Debit Card,TXN00289,Success
PAY00290,POL00290,2023-11-17,1780.98,Debit Card,TXN00290,Success
PAY00291,POL00291,2023-05-01,1411.93,Debit Card,TXN00291,Success
PAY00292,POL00292,2023-08-05,474.69,UPI,TXN00292,Success
PAY00293,POL00293,2022-11-14,665.0,UPI,TXN00293,Success
PAY00294,POL00294,2022-07-02,327.18,Net Banking,TXN00294,Success
PAY00295,POL00295,2023-04-30,624.21,Debit Card,TXN00295,Success
PAY00296,POL00296,2022-07-01,628.9,Net Banking,TXN00296,Success
PAY00297,POL00297,2022-06-13,1167.47,Debit Card,TXN00297,Success
PAY00298,POL00298,2023-07-18,199.14,Credit Card,TXN00298,Success
PAY00299,POL00299,2023-06-09,872.95,Debit Card,TXN00299,Success
PAY00300,POL00300,2023-08-01,1463.48,Net Banking,TXN00300,Success
PAY00301,POL00301,2022-06-21,584.43,Debit Card,TXN00301,Success
PAY00302,POL00302,2022-04-12,284.51,Net Banking,TXN00302,Success
PAY00303,POL00303,2022-01-06,1320.28,UPI,TXN00303,Success
PAY00304,POL00304,2023-02-04,1469.84,Bank Transfer,TXN00304,Success
PAY00305,POL00305,2023-10-16,1374.63,Bank Transfer,TXN00305,Success
PAY00306,POL00306,2023-01-27,1326.6,Net Banking,TXN00306,Success
PAY00307,POL00307,2022-08-03,531.4,Net Banking,TXN00307,Success
PAY00308,POL00308,2022-04-26,889.57,Credit Card,TXN00308,Success
PAY00309,POL00309,2022-03-28,1562.58,Bank Transfer,TXN00309,Success
PAY00310,POL00310,2023-01-15,838.54,Credit Card,TXN00310,Success
PAY00311,POL00311,2023-01-24,1935.91,Debit Card,TXN00311,Success
PAY00312,POL00312,2022-09-26,655.98,Debit Card,TXN00312,Success
PAY00313,POL00313,2023-05-17,270.33,UPI,TXN00313,Success
PAY00314,POL00314,2023-11-18,105.08,Bank Transfer,TXN00314,Success
PAY00315,POL00315,2022-01-08,347.41,Credit Card,TXN00315,Success
PAY00316,POL00316,2022-11-14,1112.0,Credit Card,TXN00316,Success
PAY00317,POL00317,2023-07-18,670.12,Bank Transfer,TXN00317,Success
PAY00318,POL00318,2022-04-23,1396.71,Bank Transfer,TXN00318,Success
PAY00319,POL00319,2022-08-19,685.91,Credit Card,TXN00319,Success
PAY00320,POL00320,2023-01-15,1093.19,UPI,TXN00320,Success
PAY00321,POL00321,2023-05-29,937.2,UPI,TXN00321,Success
PAY00322,POL00322,2023-03-09,1174.16,Net Banking,TXN00322,Success
PAY00323,POL00323,2022-08-23,457.9,Debit Card,TXN00323,Success
PAY00324,POL00324,2023-11-13,1924.34,Bank Transfer,TXN00324,Success
PAY00325,POL00325,2023-09-20,561.13,Credit Card,TXN00325,Success
PAY00326,POL00326,2022-12-07,166.62,Bank Transfer,TXN00326,Success
PAY00327,POL00327,2022-03-01,1468.91,UPI,TXN00327,Success
PAY00328,POL00328,2022-06-10,624.56,UPI,TXN00328,Success
PAY00329,POL00329,2023-05-25,1948.26,Debit Card,TXN00329,Success
PAY00330,POL00330,2023-03-18,1588.67,Bank Transfer,TXN00330,Success
PAY00331,POL00331,2022-12-07,392.48,Credit Card,TXN00331,Success
PAY00332,POL00332,2023-11-04,668.76,Net Banking,TXN00332,Success
PAY00333,POL00333,2023-01-09,1999.0,Bank Transfer,TXN00333,Success
PAY00334,POL00334,2022-11-04,1756.59,Credit Card,TXN00334,Success
PAY00335,POL00335,2022-12-05,1656.3,Credit Card,TXN00335,Success
PAY00336,POL00336,2023-01-16,789.91,Net Banking,TXN00336,Success
PAY00337,POL00337,2023-10-19,844.84,Credit Card,TXN00337,Success
PAY00338,POL00338,2023-09-27,228.52,UPI,TXN00338,Success
PAY00339,POL00339,2023-10-18,1608.49,Net Banking,TXN00339,Success
PAY00340,POL00340,2022-08-16,1562.92,Net Banking,TXN00340,Success
PAY00341,POL00341,2022-05-22,924.4,UPI,TXN00341,Success
PAY00342,POL00342,2022-06-28,1941.52,Debit Card,TXN00342,Success
PAY00343,POL00343,2022-07-28,1739.68,Debit Card,TXN00343,Success
PAY00344,POL00344,2023-11-04,1434.13,Bank Transfer,TXN00344,Success
PAY00345,POL00345,2022-05-07,1282.49,UPI,TXN00345,Success
PAY00346,POL00346,2023-10-29,907.07,UPI,TXN00346,Success
PAY00347,POL00347,2023-05-05,1088.32,Bank Transfer,TXN00347,Success
PAY00348,POL00348,2023-10-15,1977.93,UPI,TXN00348,Success
PAY00349,POL00349,2023-01-23,645.23,Net Banking,TXN00349,Success
PAY00350,POL00350,2023-10-13,1264.57,Credit Card,TXN00350,Success
PAY00351,POL00351,2022-05-17,993.23,Net Banking,TXN00351,Success
PAY00352,POL00352,2022-04-02,467.23,UPI,TXN00352,Success
PAY00353,POL00353,2023-02-08,1590.84,Bank Transfer,TXN00353,Success
PAY00354,POL00354,2023-02-03,1189.89,Credit Card,TXN00354,Success
PAY00355,POL00355,2023-01-21,1064.61,Credit Card,TXN00355,Success
PAY00356,POL00356,2022-08-26,1353.73,Bank Transfer,TXN00356,Success
PAY00357,POL00357,2022-12-02,168.78,UPI,TXN00357,Success
PAY00358,POL00358,2024-01-01,138.98,Debit Card,TXN00358,Success
PAY00359,POL00359,2022-08-28,1288.46,Debit Card,TXN00359,Success
PAY00360,POL00360,2023-04-02,1802.37,Credit Card,TXN00360,Success
PAY00361,POL00361,2022-10-11,1188.58,Net Banking,TXN00361,Success
PAY00362,POL00362,2022-11-30,239.11,Debit Card,TXN00362,Success
PAY00363,POL00363,2022-12-28,967.42,UPI,TXN00363,Success
PAY00364,POL00364,2023-12-14,507.86,UPI,TXN00364,Success
PAY00365,POL00365,2022-12-26,456.14,Bank Transfer,TXN00365,Success
PAY00366,POL00366,2023-12-24,1332.73,Credit Card,TXN00366,Success
PAY00367,POL00367,2023-07-01,805.8,Net Banking,TXN00367,Success
PAY00368,POL00368,2023-06-15,777.98,Net Banking,TXN00368,Success
PAY00369,POL00369,2023-04-09,253.08,Debit Card,TXN00369,Success
PAY00370,POL00370,2023-05-22,571.96,UPI,TXN00370,Success
PAY00371,POL00371,2023-06-09,1569.28,Credit Card,TXN00371,Success
PAY00372,POL00372,2023-08-22,731.82,Net Banking,TXN00372,Success
PAY00373,POL00373,2022-07-22,476.83,Debit Card,TXN00373,Success
PAY00374,POL00374,2023-08-15,430.69,UPI,TXN00374,Success
PAY00375,POL00375,2023-12-11,1555.21,Bank Transfer,TXN00375,Success
PAY00376,POL00376,2023-12-01,1229.9,Debit Card,TXN00376,Success
PAY00377,POL00377,2022-10-24,1787.62,Credit Card,TXN00377,Success
PAY00378,POL00378,2022-07-02,516.4,Debit Card,TXN00378,Success
PAY00379,POL00379,2023-04-15,527.9,Net Banking,TXN00379,Success
PAY00380,POL00380,2023-10-07,461.95,Bank Transfer,TXN00380,Success
PAY00381,POL00381,2022-12-11,1452.56,Bank Transfer,TXN00381,Success
PAY00382,POL00382,2022-04-01,1284.86,UPI,TXN00382,Success
PAY00383,POL00383,2023-12-13,1123.66,Debit Card,TXN00383,Success
PAY00384,POL00384,2023-01-01,1829.59,Credit Card,TXN00384,Success
PAY00385,POL00385,2023-11-13,1910.81,Net Banking,TXN00385,Success
PAY00386,POL00386,2022-05-20,630.88,UPI,TXN00386,Success
PAY00387,POL00387,2022-09-27,1256.35,Credit Card,TXN00387,Success
PAY00388,POL00388,2022-06-14,1025.39,UPI,TXN00388,Success
PAY00389,POL00389,2022-11-12,386.82,Net Banking,TXN00389,Success
PAY00390,POL00390,2022-09-27,948.74,Bank Transfer,TXN00390,Success
PAY00391,POL00391,2023-06-17,184.75,Net Banking,TXN00391,Success
PAY00392,POL00392,2022-07-20,1696.38,Bank Transfer,TXN00392,Success
PAY00393,POL00393,2023-12-08,130.59,Net Banking,TXN00393,Success
PAY00394,POL00394,2022-07-15,1682.17,Debit Card,TXN00394,Success
PAY00395,POL00395,2022-09-03,1788.32,Debit Card,TXN00395,Success
PAY00396,POL00396,2022-06-10,636.37,Credit Card,TXN00396,Success
PAY00397,POL00397,2022-04-25,785.5,Credit Card,TXN00397,Success
PAY00398,POL00398,2023-01-29,386.32,Net Banking,TXN00398,Success
PAY00399,POL00399,2023-11-20,1179.29,Net Banking,TXN00399,Success
PAY00400,POL00400,2022-06-08,427.71,Credit Card,TXN00400,Success
PAY00401,POL00401,2023-02-06,169.88,Credit Card,TXN00401,Success
PAY00402,POL00402,2023-12-02,420.74,Debit Card,TXN00402,Success
PAY00403,POL00403,2023-10-23,788.99,Bank Transfer,TXN00403,Success
PAY00404,POL00404,2023-11-02,1352.18,Net Banking,TXN00404,Success
PAY00405,POL00405,2023-08-20,1616.74,Debit Card,TXN00405,Success
PAY00406,POL00406,2022-06-18,819.01,UPI,TXN00406,Success
PAY00407,POL00407,2023-06-29,902.95,Bank Transfer,TXN00407,Success
PAY00408,POL00408,2022-05-27,1888.6,Debit Card,TXN00408,Success
PAY00409,POL00409,2022-01-13,815.38,Debit Card,TXN00409,Success
PAY00410,POL00410,2023-07-29,1061.52,Credit Card,TXN00410,Success
PAY00411,POL00411,2023-10-02,258.96,Credit Card,TXN00411,Success
PAY00412,POL00412,2023-04-01,1599.81,Net Banking,TXN00412,Success
PAY00413,POL00413,2023-09-04,1790.3,Net Banking,TXN00413,Success
PAY00414,POL00414,2022-09-04,992.44,UPI,TXN00414,Success
PAY00415,POL00415,2022-12-11,238.84,Bank Transfer,TXN00415,Success
PAY00416,POL00416,2022-06-01,1596.49,Credit Card,TXN00416,Success
PAY00417,POL00417,2022-02-05,1251.76,Credit Card,TXN00417,Success
PAY00418,POL00418,2023-05-08,1316.03,Net Banking,TXN00418,Success
PAY00419,POL00419,2022-05-25,1682.53,Debit Card,TXN00419,Success
PAY00420,POL00420,2023-07-02,554.1,Debit Card,TXN00420,Success
PAY00421,POL00421,2023-12-27,399.93,Debit Card,TXN00421,Success
PAY00422,POL00422,2022-07-29,1026.23,UPI,TXN00422,Success
PAY00423,POL00423,2022-12-05,452.02,Credit Card,TXN00423,Success
PAY00424,POL00424,2022-05-15,441.66,UPI,TXN00424,Success
PAY00425,POL00425,2022-07-17,1116.79,Net Banking,TXN00425,Success
PAY00426,POL00426,2023-05-29,922.74,UPI,TXN00426,Success
PAY00427,POL00427,2022-06-15,215.09,UPI,TXN00427,Success
PAY00428,POL00428,2023-07-07,1071.71,Bank Transfer,TXN00428,Success
PAY00429,POL00429,2022-08-31,678.26,Bank Transfer,TXN00429,Success
PAY00430,POL00430,2022-01-22,218.96,UPI,TXN00430,Success
PAY00431,POL00431,2022-10-09,493.01,UPI,TXN00431,Success
PAY00432,POL00432,2022-05-10,1337.56,Credit Card,TXN00432,Success
PAY00433,POL00433,2022-10-14,1898.99,Net Banking,TXN00433,Success
PAY00434,POL00434,2023-11-09,942.33,Bank Transfer,TXN00434,Success
PAY00435,POL00435,2023-06-06,1011.57,Credit Card,TXN00435,Success
PAY00436,POL00436,2022-09-05,1869.87,Credit Card,TXN00436,Success
PAY00437,POL00437,2022-10-12,1793.78,UPI,TXN00437,Success
PAY00438,POL00438,2022-10-25,644.11,Net Banking,TXN00438,Success
PAY00439,POL00439,2023-12-24,1461.01,Debit Card,TXN00439,Success
PAY00440,POL00440,2023-11-04,280.23,Credit Card,TXN00440,Success
PAY00441,POL00441,2022-03-17,1852.44,Bank Transfer,TXN00441,Success
PAY00442,POL00442,2023-03-22,1538.48,Net Banking,TXN00442,Success
PAY00443,POL00443,2022-12-06,518.43,Credit Card,TXN00443,Success
PAY00444,POL00444,2023-02-21,1365.86,Credit Card,TXN00444,Success
PAY00445,POL00445,2022-04-29,835.23,Credit Card,TXN00445,Success
PAY00446,POL00446,2023-12-23,738.02,Credit Card,TXN00446,Success
PAY00447,POL00447,2023-01-24,1194.77,Credit Card,TXN00447,Success
PAY00448,POL00448,2023-10-15,775.07,Debit Card,TXN00448,Success
PAY00449,POL00449,2023-12-06,1361.28,Bank Transfer,TXN00449,Success
PAY00450,POL00450,2023-10-09,1652.38,Credit Card,TXN00450,Success
PAY00451,POL00451,2023-07-22,1119.86,Credit Card,TXN00451,Success
PAY00452,POL00452,2022-06-14,1432.46,Credit Card,TXN00452,Success
PAY00453,POL00453,2022-05-30,602.59,Net Banking,TXN00453,Success
PAY00454,POL00454,2023-10-08,202.22,Net Banking,TXN00454,Success
PAY00455,POL00455,2022-05-02,561.99,Bank Transfer,TXN00455,Success
PAY00456,POL00456,2022-12-02,1619.19,UPI,TXN00456,Success
PAY00457,POL00457,2023-03-23,1454.19,UPI,TXN00457,Success
PAY00458,POL00458,2022-07-17,1807.01,Credit Card,TXN00458,Success
PAY00459,POL00459,2023-02-27,482.3,Bank Transfer,TXN00459,Success
PAY00460,POL00460,2023-08-03,618.63,Bank Transfer,TXN00460,Success
PAY00461,POL00461,2023-07-31,1622.01,Debit Card,TXN00461,Success
PAY00462,POL00462,2022-04-29,350.07,Net Banking,TXN00462,Success
PAY00463,POL00463,2023-07-06,203.25,UPI,TXN00463,Success
PAY00464,POL00464,2023-03-21,820.04,Net Banking,TXN00464,Success
PAY00465,POL00465,2022-06-05,405.95,Bank Transfer,TXN00465,Success
PAY00466,POL00466,2022-07-21,1015.65,Net Banking,TXN00466,Success
PAY00467,POL00467,2022-05-04,1647.86,UPI,TXN00467,Success
PAY00468,POL00468,2022-07-15,1933.22,Debit Card,TXN00468,Success
PAY00469,POL00469,2023-05-10,1223.79,Credit Card,TXN00469,Success
PAY00470,POL00470,2023-05-04,1963.81,Bank Transfer,TXN00470,Success
PAY00471,POL00471,2022-10-04,891.11,Net Banking,TXN00471,Success
PAY00472,POL00472,2022-11-06,475.08,UPI,TXN00472,Success
PAY00473,POL00473,2024-01-01,1663.87,Debit Card,TXN00473,Success
PAY00474,POL00474,2023-04-28,1205.92,Bank Transfer,TXN00474,Success
PAY00475,POL00475,2022-09-03,1134.67,UPI,TXN00475,Success
PAY00476,POL00476,2023-12-24,101.22,Debit Card,TXN00476,Success
PAY00477,POL00477,2023-10-27,389.7,UPI,TXN00477,Success
PAY00478,POL00478,2023-03-05,1740.98,Net Banking,TXN00478,Success
PAY00479,POL00479,2023-01-17,1997.94,Credit Card,TXN00479,Success
PAY00480,POL00480,2022-08-14,1618.8,UPI,TXN00480,Success
PAY00481,POL00481,2022-12-02,453.2,UPI,TXN00481,Success
PAY00482,POL00482,2022-01-06,1999.72,Debit Card,TXN00482,Success
PAY00483,POL00483,2023-12-20,1807.02,Bank Transfer,TXN00483,Success
PAY00484,POL00484,2023-06-26,641.62,Bank Transfer,TXN00484,Success
PAY00485,POL00485,2023-03-12,228.23,Credit Card,TXN00485,Success
PAY00486,POL00486,2022-07-23,1388.2,Net Banking,TXN00486,Success
PAY00487,POL00487,2022-10-10,1755.11,Net Banking,TXN00487,Success
PAY00488,POL00488,2023-06-20,1633.23,UPI,TXN00488,Success
PAY00489,POL00489,2023-02-16,1513.37,UPI,TXN00489,Success
PAY00490,POL00490,2022-09-19,208.56,Bank Transfer,TXN00490,Success
PAY00491,POL00491,2022-07-25,128.46,Net Banking,TXN00491,Success
PAY00492,POL00492,2022-05-21,784.55,Credit Card,TXN00492,Success
PAY00493,POL00493,2022-06-08,1351.23,Net Banking,TXN00493,Success
PAY00494,POL00494,2023-10-14,1577.4,Credit Card,TXN00494,Success
PAY00495,POL00495,2023-02-25,392.94,Debit Card,TXN00495,Success
PAY00496,POL00496,2023-04-03,1711.65,UPI,TXN00496,Success
PAY00497,POL00497,2022-08-14,1056.95,Bank Transfer,TXN00497,Success
PAY00498,POL00498,2022-02-20,1976.97,UPI,TXN00498,Success
PAY00499,POL00499,2022-11-18,1445.09,Net Banking,TXN00499,Success
PAY00500,POL00500,2022-07-20,255.52,Credit Card,TXN00500,Success
PAY00501,POL00501,2023-05-30,115.17,Debit Card,TXN00501,Success
PAY00502,POL00502,2022-12-13,784.83,Bank Transfer,TXN00502,Success
PAY00503,POL00503,2022-07-22,682.4,Bank Transfer,TXN00503,Success
PAY00504,POL00504,2024-01-01,1848.71,UPI,TXN00504,Success
PAY00505,POL00505,2022-01-15,1567.03,Net Banking,TXN00505,Success
PAY00506,POL00506,2022-12-02,776.85,Credit Card,TXN00506,Success
PAY00507,POL00507,2022-03-11,786.49,UPI,TXN00507,Success
PAY00508,POL00508,2023-02-09,1020.64,Credit Card,TXN00508,Success
PAY00509,POL00509,2023-01-25,1667.19,Debit Card,TXN00509,Success
PAY00510,POL00510,2023-05-11,805.85,Credit Card,TXN00510,Success
PAY00511,POL00511,2023-08-24,1279.04,Net Banking,TXN00511,Success
PAY00512,POL00512,2022-03-12,368.78,Debit Card,TXN00512,Success
PAY00513,POL00513,2023-06-04,370.99,Debit Card,TXN00513,Success
PAY00514,POL00514,2023-01-18,129.97,Net Banking,TXN00514,Success
PAY00515,POL00515,2022-03-01,511.63,Bank Transfer,TXN00515,Success
PAY00516,POL00516,2022-01-16,1845.75,Debit Card,TXN00516,Success
PAY00517,POL00517,2022-06-14,625.8,Credit Card,TXN00517,Success
PAY00518,POL00518,2023-05-26,205.54,Debit Card,TXN00518,Success
PAY00519,POL00519,2022-09-10,1978.94,Credit Card,TXN00519,Success
PAY00520,POL00520,2022-03-06,1253.81,Credit Card,TXN00520,Success
PAY00521,POL00521,2022-02-12,284.62,Debit Card,TXN00521,Success
PAY00522,POL00522,2022-01-27,1667.85,Debit Card,TXN00522,Success
PAY00523,POL00523,2023-02-19,1462.66,Credit Card,TXN00523,Success
PAY00524,POL00524,2023-10-21,667.34,Net Banking,TXN00524,Success
PAY00525,POL00525,2022-05-06,665.93,Bank Transfer,TXN00525,Success
PAY00526,POL00526,2022-01-21,1440.33,Net Banking,TXN00526,Success
PAY00527,POL00527,2022-12-14,1203.18,UPI,TXN00527,Success
PAY00528,POL00528,2022-07-21,724.68,Credit Card,TXN00528,Success
PAY00529,POL00529,2022-07-03,1738.96,Debit Card,TXN00529,Success
PAY00530,POL00530,2023-12-19,1534.3,Bank Transfer,TXN00530,Success
PAY00531,POL00531,2022-03-19,1851.97,UPI,TXN00531,Success
PAY00532,POL00532,2023-12-02,1407.22,Credit Card,TXN00532,Success
PAY00533,POL00533,2023-07-20,1553.48,Credit Card,TXN00533,Success
PAY00534,POL00534,2022-07-25,489.07,Bank Transfer,TXN00534,Success
PAY00535,POL00535,2022-08-10,1229.41,Bank Transfer,TXN00535,Success
PAY00536,POL00536,2022-11-18,1165.2,Bank Transfer,TXN00536,Success
PAY00537,POL00537,2022-04-27,289.08,Bank Transfer,TXN00537,Success
PAY00538,POL00538,2022-07-04,498.37,UPI,TXN00538,Success
PAY00539,POL00539,2022-04-02,926.38,Credit Card,TXN00539,Success
PAY00540,POL00540,2023-03-25,621.41,Credit Card,TXN00540,Success
PAY00541,POL00541,2022-09-08,736.22,Bank Transfer,TXN00541,Success
PAY00542,POL00542,2022-08-30,1791.34,Debit Card,TXN00542,Success
PAY00543,POL00543,2022-02-03,1117.32,Bank Transfer,TXN00543,Success
PAY00544,POL00544,2022-10-12,981.27,Credit Card,TXN00544,Success
PAY00545,POL00545,2023-02-21,1859.1,Bank Transfer,TXN00545,Success
PAY00546,POL00546,2022-01-29,221.08,Bank Transfer,TXN00546,Success
PAY00547,POL00547,2023-03-09,1376.12,Credit Card,TXN00547,Success
PAY00548,POL00548,2022-08-27,949.02,Credit Card,TXN00548,Success
PAY00549,POL00549,2023-06-09,1256.64,Bank Transfer,TXN00549,Success
PAY00550,POL00550,2023-03-05,263.91,Net Banking,TXN00550,Success
PAY00551,POL00551,2022-06-03,1344.26,Net Banking,TXN00551,Success
PAY00552,POL00552,2022-03-05,999.31,Net Banking,TXN00552,Success
PAY00553,POL00553,2022-04-23,462.33,UPI,TXN00553,Success
PAY00554,POL00554,2023-04-25,861.95,Bank Transfer,TXN00554,Success
PAY00555,POL00555,2022-01-03,1132.95,UPI,TXN00555,Success
PAY00556,POL00556,2022-08-17,592.23,Debit Card,TXN00556,Success
PAY00557,POL00557,2022-08-30,936.31,UPI,TXN00557,Success
PAY00558,POL00558,2022-10-19,355.04,UPI,TXN00558,Success
PAY00559,POL00559,2023-11-23,844.52,Credit Card,TXN00559,Success
PAY00560,POL00560,2023-09-05,1997.33,Bank Transfer,TXN00560,Success
PAY00561,POL00561,2023-10-21,1614.12,Debit Card,TXN00561,Success
PAY00562,POL00562,2023-12-12,1855.38,UPI,TXN00562,Success
PAY00563,POL00563,2023-03-09,1688.09,Debit Card,TXN00563,Success
PAY00564,POL00564,2022-02-10,1183.48,Net Banking,TXN00564,Success
PAY00565,POL00565,2023-03-29,270.8,Debit Card,TXN00565,Success
PAY00566,POL00566,2022-09-24,295.49,Net Banking,TXN00566,Success
PAY00567,POL00567,2023-12-11,875.07,Bank Transfer,TXN00567,Success
PAY00568,POL00568,2023-09-21,889.79,Net Banking,TXN00568,Success
PAY00569,POL00569,2022-12-09,870.8,Credit Card,TXN00569,Success
PAY00570,POL00570,2023-12-24,416.8,Credit Card,TXN00570,Success
PAY00571,POL00571,2023-12-19,1669.7,Net Banking,TXN00571,Success
PAY00572,POL00572,2022-03-07,151.25,Bank Transfer,TXN00572,Success
PAY00573,POL00573,2022-07-12,485.86,Debit Card,TXN00573,Success
PAY00574,POL00574,2023-08-08,644.78,UPI,TXN00574,Success
PAY00575,POL00575,2023-11-09,232.63,Debit Card,TXN00575,Success
PAY00576,POL00576,2023-05-13,801.77,UPI,TXN00576,Success
PAY00577,POL00577,2023-04-10,374.01,UPI,TXN00577,Success
PAY00578,POL00578,2023-07-03,681.26,Net Banking,TXN00578,Success
PAY00579,POL00579,2022-07-09,1567.02,Credit Card,TXN00579,Success
PAY00580,POL00580,2023-04-07,1541.12,Debit Card,TXN00580,Success
PAY00581,POL00581,2023-10-23,900.15,Debit Card,TXN00581,Success
PAY00582,POL00582,2022-06-14,1852.92,Bank Transfer,TXN00582,Success
PAY00583,POL00583,2022-11-20,294.05,UPI,TXN00583,Success
PAY00584,POL00584,2023-11-23,224.32,UPI,TXN00584,Success
PAY00585,POL00585,2023-11-19,808.3,Credit Card,TXN00585,Success
PAY00586,POL00586,2023-05-17,1558.7,Debit Card,TXN00586,Success
PAY00587,POL00587,2022-09-18,1907.42,Net Banking,TXN00587,Success
PAY00588,POL00588,2022-07-31,490.16,Net Banking,TXN00588,Success
PAY00589,POL00589,2023-05-12,1871.37,Net Banking,TXN00589,Success
PAY00590,POL00590,2022-01-05,496.56,Credit Card,TXN00590,Success
PAY00591,POL00591,2022-12-17,740.43,Debit Card,TXN00591,Success
PAY00592,POL00592,2022-12-13,702.98,Bank Transfer,TXN00592,Success
PAY00593,POL00593,2022-01-30,903.68,Net Banking,TXN00593,Success
PAY00594,POL00594,2023-08-25,606.15,Bank Transfer,TXN00594,Success
PAY00595,POL00595,2022-06-27,507.6,UPI,TXN00595,Success
PAY00596,POL00596,2023-10-28,266.62,Bank Transfer,TXN00596,Success
PAY00597,POL00597,2023-12-21,1542.87,Credit Card,TXN00597,Success
PAY00598,POL00598,2023-06-01,1496.75,Net Banking,TXN00598,Success
PAY00599,POL00599,2023-08-28,954.0,Net Banking,TXN00599,Success
PAY00600,POL00600,2023-08-20,158.39,Net Banking,TXN00600,Success
PAY00601,POL00601,2022-05-04,983.18,Net Banking,TXN00601,Success
PAY00602,POL00602,2022-04-09,810.34,Debit Card,TXN00602,Success
PAY00603,POL00603,2023-12-14,1004.54,Credit Card,TXN00603,Success
PAY00604,POL00604,2023-03-16,1479.55,Debit Card,TXN00604,Success
PAY00605,POL00605,2023-11-11,1666.34,Debit Card,TXN00605,Success
PAY00606,POL00606,2022-11-14,1628.74,Credit Card,TXN00606,Success
PAY00607,POL00607,2022-06-20,916.92,Credit Card,TXN00607,Success
PAY00608,POL00608,2023-01-21,1857.32,Net Banking,TXN00608,Success
PAY00609,POL00609,2022-08-07,225.57,Net Banking,TXN00609,Success
PAY00610,POL00610,2023-10-25,513.85,Net Banking,TXN00610,Success
PAY00611,POL00611,2023-12-17,623.15,Net Banking,TXN00611,Success
PAY00612,POL00612,2022-04-23,964.2,Bank Transfer,TXN00612,Success
PAY00613,POL00613,2022-02-12,1897.44,Net Banking,TXN00613,Success
PAY00614,POL00614,2023-06-29,267.55,Debit Card,TXN00614,Success
PAY00615,POL00615,2022-01-26,1252.69,Debit Card,TXN00615,Success
PAY00616,POL00616,2023-08-05,395.17,Debit Card,TXN00616,Success
PAY00617,POL00617,2022-11-21,338.08,Bank Transfer,TXN00617,Success
PAY00618,POL00618,2022-11-03,235.23,Credit Card,TXN00618,Success
PAY00619,POL00619,2023-05-05,1096.01,Bank Transfer,TXN00619,Success
PAY00620,POL00620,2023-11-10,200.51,Credit Card,TXN00620,Success
PAY00621,POL00621,2023-10-01,590.7,Net Banking,TXN00621,Success
PAY00622,POL00622,2022-01-16,779.26,Net Banking,TXN00622,Success
PAY00623,POL00623,2023-01-28,478.0,Net Banking,TXN00623,Success
PAY00624,POL00624,2023-10-17,1526.24,UPI,TXN00624,Success
PAY00625,POL00625,2022-05-10,917.09,Debit Card,TXN00625,Success
PAY00626,POL00626,2022-12-19,813.27,UPI,TXN00626,Success
PAY00627,POL00627,2022-01-24,130.43,Net Banking,TXN00627,Success
PAY00628,POL00628,2023-12-04,1538.52,Net Banking,TXN00628,Success
PAY00629,POL00629,2022-04-13,345.26,Net Banking,TXN00629,Success
PAY00630,POL00630,2023-07-05,1586.03,Debit Card,TXN00630,Success
PAY00631,POL00631,2023-03-31,153.39,Bank Transfer,TXN00631,Success
PAY00632,POL00632,2023-03-19,1301.57,Bank Transfer,TXN00632,Success
PAY00633,POL00633,2023-03-25,1086.76,Bank Transfer,TXN00633,Success
PAY00634,POL00634,2022-04-07,1769.91,UPI,TXN00634,Success
PAY00635,POL00635,2022-02-20,1150.97,UPI,TXN00635,Success
PAY00636,POL00636,2022-06-13,410.06,Credit Card,TXN00636,Success
PAY00637,POL00637,2023-05-20,1433.31,Bank Transfer,TXN00637,Success
PAY00638,POL00638,2022-08-23,1096.11,Bank Transfer,TXN00638,Success
PAY00639,POL00639,2023-06-22,1941.3,Bank Transfer,TXN00639,Success
PAY00640,POL00640,2022-02-03,125.5,Credit Card,TXN00640,Success
PAY00641,POL00641,2022-09-03,1653.97,Debit Card,TXN00641,Success
PAY00642,POL00642,2023-04-24,423.39,Credit Card,TXN00642,Success
PAY00643,POL00643,2023-04-22,569.34,UPI,TXN00643,Success
PAY00644,POL00644,2023-05-23,1509.1,UPI,TXN00644,Success
PAY00645,POL00645,2022-08-07,1505.23,UPI,TXN00645,Success
PAY00646,POL00646,2023-10-26,1269.16,UPI,TXN00646,Success
PAY00647,POL00647,2022-03-01,515.27,Credit Card,TXN00647,Success
PAY00648,POL00648,2022-11-26,1546.22,Net Banking,TXN00648,Success
PAY00649,POL00649,2022-01-30,1675.49,Bank Transfer,TXN00649,Success
PAY00650,POL00650,2023-07-31,1830.32,Debit Card,TXN00650,Success
PAY00651,POL00651,2023-01-06,360.03,Credit Card,TXN00651,Success
PAY00652,POL00652,2022-04-16,614.09,Bank Transfer,TXN00652,Success
PAY00653,POL00653,2023-08-09,1500.78,Credit Card,TXN00653,Success
PAY00654,POL00654,2022-10-05,366.22,Bank Transfer,TXN00654,Success
PAY00655,POL00655,2023-01-08,978.22,Debit Card,TXN00655,Success
PAY00656,POL00656,2023-07-06,1454.68,Credit Card,TXN00656,Success
PAY00657,POL00657,2022-12-01,519.64,Bank Transfer,TXN00657,Success
PAY00658,POL00658,2023-06-24,1568.29,Debit Card,TXN00658,Success
PAY00659,POL00659,2023-02-09,1492.16,Bank Transfer,TXN00659,Success
PAY00660,POL00660,2023-12-28,1283.99,UPI,TXN00660,Success
PAY00661,POL00661,2023-12-22,1925.34,Bank Transfer,TXN00661,Success
PAY00662,POL00662,2022-03-05,483.21,Bank Transfer,TXN00662,Success
PAY00663,POL00663,2022-11-21,691.17,Debit Card,TXN00663,Success
PAY00664,POL00664,2023-08-23,324.56,UPI,TXN00664,Success
PAY00665,POL00665,2022-11-24,1417.69,Net Banking,TXN00665,Success
PAY00666,POL00666,2023-11-08,1866.66,Credit Card,TXN00666,Success
PAY00667,POL00667,2023-04-24,232.85,Debit Card,TXN00667,Success
PAY00668,POL00668,2023-01-12,1041.0,Debit Card,TXN00668,Success
PAY00669,POL00669,2022-06-27,1163.23,Debit Card,TXN00669,Success
PAY00670,POL00670,2022-09-20,1196.39,Debit Card,TXN00670,Success
PAY00671,POL00671,2022-08-24,1010.61,Net Banking,TXN00671,Success
PAY00672,POL00672,2023-01-04,1026.44,Debit Card,TXN00672,Success
PAY00673,POL00673,2022-11-19,1299.15,Net Banking,TXN00673,Success
PAY00674,POL00674,2022-06-15,232.04,Credit Card,TXN00674,Success
PAY00675,POL00675,2023-09-19,1547.06,Debit Card,TXN00675,Success
PAY00676,POL00676,2023-08-10,1580.13,Credit Card,TXN00676,Success
PAY00677,POL00677,2023-11-18,950.46,Net Banking,TXN00677,Success
PAY00678,POL00678,2023-04-05,1366.81,Bank Transfer,TXN00678,Success
PAY00679,POL00679,2022-10-13,1139.83,Debit Card,TXN00679,Success
PAY00680,POL00680,2022-12-30,1165.79,UPI,TXN00680,Success
PAY00681,POL00681,2023-12-25,1842.1,Net Banking,TXN00681,Success
PAY00682,POL00682,2022-09-21,1605.84,Bank Transfer,TXN00682,Success
PAY00683,POL00683,2022-06-07,1639.46,UPI,TXN00683,Success
PAY00684,POL00684,2022-04-15,1615.08,Net Banking,TXN00684,Success
PAY00685,POL00685,2022-10-31,1999.42,Bank Transfer,TXN00685,Success
PAY00686,POL00686,2023-11-20,666.1,Debit Card,TXN00686,Success
PAY00687,POL00687,2022-03-28,424.31,Net Banking,TXN00687,Success
PAY00688,POL00688,2023-04-09,1405.24,Net Banking,TXN00688,Success
PAY00689,POL00689,2023-01-13,660.06,Net Banking,TXN00689,Success
PAY00690,POL00690,2022-07-19,1926.92,UPI,TXN00690,Success
PAY00691,POL00691,2023-09-30,1538.74,UPI,TXN00691,Success
PAY00692,POL00692,2022-04-11,1588.6,Net Banking,TXN00692,Success
PAY00693,POL00693,2023-07-08,684.83,Credit Card,TXN00693,Success
PAY00694,POL00694,2022-01-16,1713.03,Bank Transfer,TXN00694,Success
PAY00695,POL00695,2023-08-18,1437.9,Debit Card,TXN00695,Success
PAY00696,POL00696,2022-04-26,1180.43,Debit Card,TXN00696,Success
PAY00697,POL00697,2022-12-02,110.84,UPI,TXN00697,Success
PAY00698,POL00698,2022-02-26,710.94,UPI,TXN00698,Success
PAY00699,POL00699,2022-08-10,675.69,Debit Card,TXN00699,Success
PAY00700,POL00700,2023-07-12,210.15,Net Banking,TXN00700,Success
PAY00701,POL00701,2023-01-08,664.31,Debit Card,TXN00701,Success
PAY00702,POL00702,2023-07-11,512.92,Debit Card,TXN00702,Success
PAY00703,POL00703,2023-11-04,978.29,Bank Transfer,TXN00703,Success
PAY00704,POL00704,2023-02-05,439.79,Debit Card,TXN00704,Success
PAY00705,POL00705,2023-10-16,560.7,Debit Card,TXN00705,Success
PAY00706,POL00706,2023-05-31,367.3,Credit Card,TXN00706,Success
PAY00707,POL00707,2022-01-11,1157.72,UPI,TXN00707,Success
PAY00708,POL00708,2023-11-26,1409.19,Debit Card,TXN00708,Success
PAY00709,POL00709,2023-02-21,474.72,Bank Transfer,TXN00709,Success
PAY00710,POL00710,2023-06-03,1003.11,Net Banking,TXN00710,Success
PAY00711,POL00711,2022-05-15,289.73,UPI,TXN00711,Success
PAY00712,POL00712,2023-01-30,527.59,Credit Card,TXN00712,Success
PAY00713,POL00713,2022-12-29,1616.95,Net Banking,TXN00713,Success
PAY00714,POL00714,2023-05-05,993.08,Credit Card,TXN00714,Success
PAY00715,POL00715,2023-12-14,1676.32,Net Banking,TXN00715,Success
PAY00716,POL00716,2023-11-19,245.85,Debit Card,TXN00716,Success
PAY00717,POL00717,2022-06-06,1241.25,Credit Card,TXN00717,Success
PAY00718,POL00718,2023-07-11,1831.31,UPI,TXN00718,Success
PAY00719,POL00719,2022-09-06,1216.4,Credit Card,TXN00719,Success
PAY00720,POL00720,2022-07-19,1356.64,UPI,TXN00720,Success
PAY00721,POL00721,2022-03-03,854.81,Net Banking,TXN00721,Success
PAY00722,POL00722,2022-12-18,466.57,Credit Card,TXN00722,Success
PAY00723,POL00723,2023-11-06,381.13,Credit Card,TXN00723,Success
PAY00724,POL00724,2022-01-12,1880.49,Bank Transfer,TXN00724,Success
PAY00725,POL00725,2023-02-07,562.19,Credit Card,TXN00725,Success
PAY00726,POL00726,2022-10-16,239.41,Bank Transfer,TXN00726,Success
PAY00727,POL00727,2023-12-01,1197.92,Credit Card,TXN00727,Success
PAY00728,POL00728,2023-03-29,1001.99,Credit Card,TXN00728,Success
PAY00729,POL00729,2023-08-18,338.7,Net Banking,TXN00729,Success
PAY00730,POL00730,2023-01-02,1960.81,UPI,TXN00730,Success
PAY00731,POL00731,2023-10-06,1774.03,Credit Card,TXN00731,Success
PAY00732,POL00732,2023-08-20,320.08,Net Banking,TXN00732,Success
PAY00733,POL00733,2023-05-05,778.37,Credit Card,TXN00733,Success
PAY00734,POL00734,2023-09-21,648.5,Net Banking,TXN00734,Success
PAY00735,POL00735,2022-03-07,1981.42,Bank Transfer,TXN00735,Success
PAY00736,POL00736,2022-12-14,803.17,UPI,TXN00736,Success
PAY00737,POL00737,2022-06-15,486.51,Net Banking,TXN00737,Success
PAY00738,POL00738,2022-11-26,1615.53,Debit Card,TXN00738,Success
PAY00739,POL00739,2023-06-10,1631.24,Bank Transfer,TXN00739,Success
PAY00740,POL00740,2022-03-20,368.07,Credit Card,TXN00740,Success
PAY00741,POL00741,2023-09-06,950.42,Credit Card,TXN00741,Success
PAY00742,POL00742,2023-02-27,121.15,Credit Card,TXN00742,Success
PAY00743,POL00743,2022-10-11,1333.87,UPI,TXN00743,Success
PAY00744,POL00744,2022-06-27,1282.23,UPI,TXN00744,Success
PAY00745,POL00745,2022-07-13,945.89,Credit Card,TXN00745,Success
PAY00746,POL00746,2023-06-13,1070.37,Net Banking,TXN00746,Success
PAY00747,POL00747,2022-02-28,593.73,Bank Transfer,TXN00747,Success
PAY00748,POL00748,2023-04-28,1511.71,Bank Transfer,TXN00748,Success
PAY00749,POL00749,2023-01-30,1797.74,Debit Card,TXN00749,Success
PAY00750,POL00750,2023-02-27,351.49,Credit Card,TXN00750,Success
PAY00751,POL00751,2022-11-30,833.53,UPI,TXN00751,Success
PAY00752,POL00752,2022-09-24,408.92,Credit Card,TXN00752,Success
PAY00753,POL00753,2023-11-02,1463.05,Bank Transfer,TXN00753,Success
PAY00754,POL00754,2024-01-01,606.23,Credit Card,TXN00754,Success
PAY00755,POL00755,2023-08-30,1467.1,Debit Card,TXN00755,Success
PAY00756,POL00756,2023-08-22,1724.64,UPI,TXN00756,Success
PAY00757,POL00757,2022-02-26,973.65,Net Banking,TXN00757,Success
PAY00758,POL00758,2023-01-19,527.19,Net Banking,TXN00758,Success
PAY00759,POL00759,2022-10-10,1711.75,Bank Transfer,TXN00759,Success
PAY00760,POL00760,2023-05-01,1607.81,UPI,TXN00760,Success
PAY00761,POL00761,2022-02-13,899.04,Bank Transfer,TXN00761,Success
PAY00762,POL00762,2023-09-27,1314.65,UPI,TXN00762,Success
PAY00763,POL00763,2022-05-24,1024.02,UPI,TXN00763,Success
PAY00764,POL00764,2022-10-16,310.92,Credit Card,TXN00764,Success
PAY00765,POL00765,2022-04-04,125.66,Credit Card,TXN00765,Success
PAY00766,POL00766,2022-02-12,1398.11,UPI,TXN00766,Success
PAY00767,POL00767,2022-03-13,146.1,UPI,TXN00767,Success
PAY00768,POL00768,2023-06-30,1289.01,Net Banking,TXN00768,Success
PAY00769,POL00769,2022-09-11,713.77,Net Banking,TXN00769,Success
PAY00770,POL00770,2023-01-11,1155.19,Credit Card,TXN00770,Success
PAY00771,POL00771,2023-03-10,1955.38,Credit Card,TXN00771,Success
PAY00772,POL00772,2022-08-31,877.08,Credit Card,TXN00772,Success
PAY00773,POL00773,2023-07-04,113.92,UPI,TXN00773,Success
PAY00774,POL00774,2023-01-04,343.79,Credit Card,TXN00774,Success
PAY00775,POL00775,2022-07-30,532.84,Net Banking,TXN00775,Success
PAY00776,POL00776,2022-01-11,649.99,Bank Transfer,TXN00776,Success
PAY00777,POL00777,2022-10-24,1867.87,Credit Card,TXN00777,Success
PAY00778,POL00778,2022-12-21,551.76,Debit Card,TXN00778,Success
PAY00779,POL00779,2022-02-01,232.12,UPI,TXN00779,Success
PAY00780,POL00780,2022-09-15,1212.21,UPI,TXN00780,Success
PAY00781,POL00781,2023-05-25,302.33,Debit Card,TXN00781,Success
PAY00782,POL00782,2022-11-18,1529.66,Net Banking,TXN00782,Success
PAY00783,POL00783,2022-07-13,341.66,Credit Card,TXN00783,Success
PAY00784,POL00784,2022-02-25,1467.03,Debit Card,TXN00784,Success
PAY00785,POL00785,2023-08-20,1250.26,Bank Transfer,TXN00785,Success
PAY00786,POL00786,2022-08-21,1143.02,UPI,TXN00786,Success
PAY00787,POL00787,2023-01-17,379.64,Bank Transfer,TXN00787,Success
PAY00788,POL00788,2022-09-20,111.08,Net Banking,TXN00788,Success
PAY00789,POL00789,2022-04-09,819.28,Net Banking,TXN00789,Success
PAY00790,POL00790,2023-10-06,1201.69,Credit Card,TXN00790,Success
PAY00791,POL00791,2022-03-15,1749.77,Bank Transfer,TXN00791,Success
PAY00792,POL00792,2022-03-23,1795.2,Debit Card,TXN00792,Success
PAY00793,POL00793,2023-03-18,1771.24,Bank Transfer,TXN00793,Success
PAY00794,POL00794,2023-12-28,233.89,Debit Card,TXN00794,Success
PAY00795,POL00795,2023-09-10,855.82,UPI,TXN00795,Success
PAY00796,POL00796,2022-11-03,256.15,Bank Transfer,TXN00796,Success
PAY00797,POL00797,2022-07-25,441.9,Bank Transfer,TXN00797,Success
PAY00798,POL00798,2023-06-04,832.93,Bank Transfer,TXN00798,Success
PAY00799,POL00799,2023-01-15,648.94,UPI,TXN00799,Success
PAY00800,POL00800,2022-08-18,828.58,Debit Card,TXN00800,Success
PAY00801,POL00801,2023-12-20,1634.88,Debit Card,TXN00801,Success
PAY00802,POL00802,2023-05-13,1994.51,Bank Transfer,TXN00802,Success
PAY00803,POL00803,2022-07-04,126.85,UPI,TXN00803,Success
PAY00804,POL00804,2022-08-30,508.28,Bank Transfer,TXN00804,Success
PAY00805,POL00805,2023-10-14,367.53,UPI,TXN00805,Success
PAY00806,POL00806,2022-03-04,1101.99,Bank Transfer,TXN00806,Success
PAY00807,POL00807,2022-10-17,1373.39,Net Banking,TXN00807,Success
PAY00808,POL00808,2022-06-17,1220.03,Bank Transfer,TXN00808,Success
PAY00809,POL00809,2022-03-28,307.12,Debit Card,TXN00809,Success
PAY00810,POL00810,2023-03-17,1658.31,UPI,TXN00810,Success
PAY00811,POL00811,2022-10-11,1071.75,UPI,TXN00811,Success
PAY00812,POL00812,2023-05-17,1023.73,Net Banking,TXN00812,Success
PAY00813,POL00813,2023-12-22,992.49,UPI,TXN00813,Success
PAY00814,POL00814,2023-11-18,1178.45,Net Banking,TXN00814,Success
PAY00815,POL00815,2022-12-17,1131.15,Credit Card,TXN00815,Success
PAY00816,POL00816,2023-04-07,1313.53,Credit Card,TXN00816,Success
PAY00817,POL00817,2023-01-03,441.96,UPI,TXN00817,Success
PAY00818,POL00818,2022-02-26,428.41,UPI,TXN00818,Success
PAY00819,POL00819,2023-11-16,789.34,Credit Card,TXN00819,Success
PAY00820,POL00820,2023-01-06,1912.42,Credit Card,TXN00820,Success
PAY00821,POL00821,2023-08-04,417.38,Credit Card,TXN00821,Success
PAY00822,POL00822,2022-06-28,768.94,Bank Transfer,TXN00822,Success
PAY00823,POL00823,2023-08-23,1058.15,Debit Card,TXN00823,Success
PAY00824,POL00824,2023-01-24,377.3,Net Banking,TXN00824,Success
PAY00825,POL00825,2022-12-01,365.02,Net Banking,TXN00825,Success
PAY00826,POL00826,2023-08-29,235.1,UPI,TXN00826,Success
PAY00827,POL00827,2022-05-27,1204.8,Credit Card,TXN00827,Success
PAY00828,POL00828,2022-04-08,331.5,Debit Card,TXN00828,Success
PAY00829,POL00829,2022-10-17,1256.0,Bank Transfer,TXN00829,Success
PAY00830,POL00830,2022-11-06,1332.86,Bank Transfer,TXN00830,Success
PAY00831,POL00831,2022-07-23,801.21,Debit Card,TXN00831,Success
PAY00832,POL00832,2022-08-05,1813.04,UPI,TXN00832,Success
PAY00833,POL00833,2023-02-15,1421.97,UPI,TXN00833,Success
PAY00834,POL00834,2023-02-06,1875.49,Credit Card,TXN00834,Success
PAY00835,POL00835,2023-10-12,1692.44,UPI,TXN00835,Success
PAY00836,POL00836,2022-12-17,1310.79,Net Banking,TXN00836,Success
PAY00837,POL00837,2022-08-07,1965.78,Debit Card,TXN00837,Success
PAY00838,POL00838,2023-10-21,395.41,Bank Transfer,TXN00838,Success
PAY00839,POL00839,2023-04-11,1231.27,Credit Card,TXN00839,Success
PAY00840,POL00840,2022-05-10,1922.11,UPI,TXN00840,Success
PAY00841,POL00841,2022-10-05,1129.4,UPI,TXN00841,Success
PAY00842,POL00842,2022-10-31,944.74,Bank Transfer,TXN00842,Success
PAY00843,POL00843,2022-12-27,1642.31,Debit Card,TXN00843,Success
PAY00844,POL00844,2023-11-13,509.75,UPI,TXN00844,Success
PAY00845,POL00845,2022-02-20,1425.67,Bank Transfer,TXN00845,Success
PAY00846,POL00846,2023-10-24,1948.98,UPI,TXN00846,Success
PAY00847,POL00847,2022-03-16,1484.07,Debit Card,TXN00847,Success
PAY00848,POL00848,2022-09-09,655.42,Bank Transfer,TXN00848,Success
PAY00849,POL00849,2023-12-27,733.12,UPI,TXN00849,Success
PAY00850,POL00850,2023-05-22,757.22,Bank Transfer,TXN00850,Success
PAY00851,POL00851,2022-11-17,1930.22,UPI,TXN00851,Success
PAY00852,POL00852,2022-06-28,1504.88,Net Banking,TXN00852,Success
PAY00853,POL00853,2023-03-14,1024.82,Net Banking,TXN00853,Success
PAY00854,POL00854,2022-01-18,342.95,Debit Card,TXN00854,Success
PAY00855,POL00855,2023-03-13,475.73,Debit Card,TXN00855,Success
PAY00856,POL00856,2023-11-21,830.1,UPI,TXN00856,Success
PAY00857,POL00857,2022-06-23,1623.0,Net Banking,TXN00857,Success
PAY00858,POL00858,2023-07-30,1060.25,Credit Card,TXN00858,Success
PAY00859,POL00859,2023-10-21,976.08,Bank Transfer,TXN00859,Success
PAY00860,POL00860,2023-04-23,181.8,Bank Transfer,TXN00860,Success
PAY00861,POL00861,2022-07-09,1125.32,Credit Card,TXN00861,Success
PAY00862,POL00862,2023-08-21,1644.84,Bank Transfer,TXN00862,Success
PAY00863,POL00863,2022-09-23,1205.96,Debit Card,TXN00863,Success
PAY00864,POL00864,2022-02-13,840.53,Net Banking,TXN00864,Success
PAY00865,POL00865,2022-04-26,1740.77,Credit Card,TXN00865,Success
PAY00866,POL00866,2022-12-23,758.31,Net Banking,TXN00866,Success
PAY00867,POL00867,2022-07-06,1954.04,Debit Card,TXN00867,Success
PAY00868,POL00868,2023-03-28,1874.69,UPI,TXN00868,Success
PAY00869,POL00869,2022-08-24,1807.71,Debit Card,TXN00869,Success
PAY00870,POL00870,2023-12-04,1964.93,Bank Transfer,TXN00870,Success
PAY00871,POL00871,2022-08-12,142.15,UPI,TXN00871,Success
PAY00872,POL00872,2022-04-27,649.02,UPI,TXN00872,Success
PAY00873,POL00873,2023-02-22,1884.02,Bank Transfer,TXN00873,Success
PAY00874,POL00874,2023-05-07,1811.32,Credit Card,TXN00874,Success
PAY00875,POL00875,2022-12-17,1809.32,UPI,TXN00875,Success
PAY00876,POL00876,2022-05-03,344.35,Bank Transfer,TXN00876,Success
PAY00877,POL00877,2023-11-18,896.7,Debit Card,TXN00877,Success
PAY00878,POL00878,2023-10-23,1618.56,Credit Card,TXN00878,Success
PAY00879,POL00879,2023-02-21,1728.34,Net Banking,TXN00879,Success
PAY00880,POL00880,2022-07-17,1989.69,Net Banking,TXN00880,Success
PAY00881,POL00881,2023-03-31,1114.99,Debit Card,TXN00881,Success
PAY00882,POL00882,2023-07-25,1936.41,Credit Card,TXN00882,Success
PAY00883,POL00883,2022-06-13,1239.63,Debit Card,TXN00883,Success
PAY00884,POL00884,2023-12-21,622.38,Debit Card,TXN00884,Success
PAY00885,POL00885,2022-09-13,967.99,Bank Transfer,TXN00885,Success
PAY00886,POL00886,2023-11-21,958.81,Debit Card,TXN00886,Success
PAY00887,POL00887,2023-08-29,464.51,Credit Card,TXN00887,Success
PAY00888,POL00888,2023-03-03,1857.52,Credit Card,TXN00888,Success
PAY00889,POL00889,2023-10-09,1160.43,Net Banking,TXN00889,Success
PAY00890,POL00890,2023-04-20,730.0,Credit Card,TXN00890,Success
PAY00891,POL00891,2022-09-03,581.6,Credit Card,TXN00891,Success
PAY00892,POL00892,2022-12-24,1749.27,Debit Card,TXN00892,Success
PAY00893,POL00893,2022-09-10,1161.26,Debit Card,TXN00893,Success
PAY00894,POL00894,2023-02-12,1715.85,Net Banking,TXN00894,Success
PAY00895,POL00895,2023-09-23,933.8,Bank Transfer,TXN00895,Success
PAY00896,POL00896,2023-07-23,920.82,UPI,TXN00896,Success
PAY00897,POL00897,2023-06-01,1569.58,Debit Card,TXN00897,Success
PAY00898,POL00898,2022-01-09,984.98,Debit Card,TXN00898,Success
PAY00899,POL00899,2022-05-27,1408.36,Debit Card,TXN00899,Success
PAY00900,POL00900,2022-09-27,561.93,UPI,TXN00900,Success
PAY00901,POL00901,2023-08-16,114.48,Debit Card,TXN00901,Success
PAY00902,POL00902,2023-02-17,546.85,UPI,TXN00902,Success
PAY00903,POL00903,2022-01-30,1786.95,Credit Card,TXN00903,Success
PAY00904,POL00904,2022-05-15,1876.77,UPI,TXN00904,Success
PAY00905,POL00905,2023-07-18,1152.73,Net Banking,TXN00905,Success
PAY00906,POL00906,2022-03-07,1623.68,UPI,TXN00906,Success
PAY00907,POL00907,2022-12-15,1811.93,Net Banking,TXN00907,Success
PAY00908,POL00908,2023-07-06,1405.04,Net Banking,TXN00908,Success
PAY00909,POL00909,2023-11-06,288.29,UPI,TXN00909,Success
PAY00910,POL00910,2023-10-31,1107.17,UPI,TXN00910,Success
PAY00911,POL00911,2022-01-03,1744.82,UPI,TXN00911,Success
PAY00912,POL00912,2022-09-18,1514.15,Bank Transfer,TXN00912,Success
PAY00913,POL00913,2023-09-06,253.47,UPI,TXN00913,Success
PAY00914,POL00914,2023-12-11,1698.48,UPI,TXN00914,Success
PAY00915,POL00915,2023-09-23,1522.39,Net Banking,TXN00915,Success
PAY00916,POL00916,2022-06-21,1107.55,Bank Transfer,TXN00916,Success
PAY00917,POL00917,2022-02-04,328.59,Debit Card,TXN00917,Success
PAY00918,POL00918,2022-04-18,653.66,Net Banking,TXN00918,Success
PAY00919,POL00919,2022-03-23,1834.41,Net Banking,TXN00919,Success
PAY00920,POL00920,2023-10-01,1444.91,Net Banking,TXN00920,Success
PAY00921,POL00921,2022-02-17,1308.08,UPI,TXN00921,Success
PAY00922,POL00922,2023-03-30,1238.12,Debit Card,TXN00922,Success
PAY00923,POL00923,2023-11-10,1269.55,Bank Transfer,TXN00923,Success
PAY00924,POL00924,2023-07-29,1905.04,Bank Transfer,TXN00924,Success
PAY00925,POL00925,2023-01-11,1079.99,UPI,TXN00925,Success
PAY00926,POL00926,2023-09-02,368.58,Net Banking,TXN00926,Success
PAY00927,POL00927,2022-08-06,521.68,Net Banking,TXN00927,Success
PAY00928,POL00928,2022-08-01,1819.33,Bank Transfer,TXN00928,Success
PAY00929,POL00929,2022-06-06,1977.05,Net Banking,TXN00929,Success
PAY00930,POL00930,2023-05-14,331.07,UPI,TXN00930,Success
PAY00931,POL00931,2023-09-23,1557.72,Debit Card,TXN00931,Success
PAY00932,POL00932,2023-01-02,993.79,Credit Card,TXN00932,Success
PAY00933,POL00933,2023-05-02,1144.35,Bank Transfer,TXN00933,Success
PAY00934,POL00934,2022-06-19,1831.26,Net Banking,TXN00934,Success
PAY00935,POL00935,2022-11-07,1961.18,Bank Transfer,TXN00935,Success
PAY00936,POL00936,2023-02-18,914.11,Debit Card,TXN00936,Success
PAY00937,POL00937,2023-12-02,536.78,Net Banking,TXN00937,Success
PAY00938,POL00938,2022-03-16,294.88,Debit Card,TXN00938,Success
PAY00939,POL00939,2023-07-06,168.17,UPI,TXN00939,Success
PAY00940,POL00940,2023-06-23,938.2,Net Banking,TXN00940,Success
PAY00941,POL00941,2024-01-01,1817.21,Bank Transfer,TXN00941,Success
PAY00942,POL00942,2022-06-17,1334.79,UPI,TXN00942,Success
PAY00943,POL00943,2023-10-26,848.46,Net Banking,TXN00943,Success
PAY00944,POL00944,2022-11-11,1509.88,UPI,TXN00944,Success
PAY00945,POL00945,2022-06-21,1095.78,Net Banking,TXN00945,Success
PAY00946,POL00946,2023-01-07,1853.97,UPI,TXN00946,Success
PAY00947,POL00947,2022-04-23,580.39,UPI,TXN00947,Success
PAY00948,POL00948,2023-09-18,1427.65,UPI,TXN00948,Success
PAY00949,POL00949,2023-09-26,1825.67,Debit Card,TXN00949,Success
PAY00950,POL00950,2022-01-15,1224.38,Bank Transfer,TXN00950,Success
PAY00951,POL00951,2023-08-06,1413.6,Bank Transfer,TXN00951,Success
PAY00952,POL00952,2022-10-18,810.14,Debit Card,TXN00952,Success
PAY00953,POL00953,2022-06-24,1601.43,UPI,TXN00953,Success
PAY00954,POL00954,2023-04-04,1716.67,Credit Card,TXN00954,Success
PAY00955,POL00955,2023-09-08,1359.62,Credit Card,TXN00955,Success
PAY00956,POL00956,2022-12-25,1822.39,Debit Card,TXN00956,Success
PAY00957,POL00957,2022-10-17,1667.44,Debit Card,TXN00957,Success
PAY00958,POL00958,2022-06-24,131.01,Net Banking,TXN00958,Success
PAY00959,POL00959,2022-05-15,425.0,Credit Card,TXN00959,Success
PAY00960,POL00960,2023-02-27,1128.21,UPI,TXN00960,Success
PAY00961,POL00961,2022-08-07,1637.74,Bank Transfer,TXN00961,Success
PAY00962,POL00962,2023-06-15,1402.05,Credit Card,TXN00962,Success
PAY00963,POL00963,2022-09-09,1467.28,Credit Card,TXN00963,Success
PAY00964,POL00964,2022-01-19,1326.15,Net Banking,TXN00964,Success
PAY00965,POL00965,2022-04-23,278.26,Credit Card,TXN00965,Success
PAY00966,POL00966,2022-01-31,1839.04,Net Banking,TXN00966,Success
PAY00967,POL00967,2022-10-05,1210.75,Net Banking,TXN00967,Success
PAY00968,POL00968,2022-08-28,841.7,Bank Transfer,TXN00968,Success
PAY00969,POL00969,2023-11-24,1687.48,Bank Transfer,TXN00969,Success
PAY00970,POL00970,2022-03-16,1728.65,Net Banking,TXN00970,Success
PAY00971,POL00971,2023-06-30,356.27,Bank Transfer,TXN00971,Success
PAY00972,POL00972,2022-10-17,1184.39,Debit Card,TXN00972,Success
PAY00973,POL00973,2023-12-28,1098.9,Credit Card,TXN00973,Success
PAY00974,POL00974,2023-02-09,647.5,UPI,TXN00974,Success
PAY00975,POL00975,2023-06-28,307.03,Credit Card,TXN00975,Success
PAY00976,POL00976,2023-07-13,672.68,Debit Card,TXN00976,Success
PAY00977,POL00977,2022-03-12,1879.35,UPI,TXN00977,Success
PAY00978,POL00978,2022-11-05,1803.78,UPI,TXN00978,Success
PAY00979,POL00979,2023-10-08,831.62,Credit Card,TXN00979,Success
PAY00980,POL00980,2022-02-02,1054.01,Credit Card,TXN00980,Success
PAY00981,POL00981,2023-04-26,377.84,Debit Card,TXN00981,Success
PAY00982,POL00982,2023-07-18,1266.8,UPI,TXN00982,Success
PAY00983,POL00983,2023-05-26,684.9,Credit Card,TXN00983,Success
PAY00984,POL00984,2023-06-02,1034.39,Debit Card,TXN00984,Success
PAY00985,POL00985,2023-08-10,1414.49,UPI,TXN00985,Success
PAY00986,POL00986,2023-11-08,778.95,UPI,TXN00986,Success
PAY00987,POL00987,2022-08-04,1802.64,Credit Card,TXN00987,Success
PAY00988,POL00988,2022-05-17,1034.96,Credit Card,TXN00988,Success
PAY00989,POL00989,2022-07-05,478.66,Debit Card,TXN00989,Success
PAY00990,POL00990,2023-10-29,1909.64,UPI,TXN00990,Success
PAY00991,POL00991,2022-01-25,825.54,Debit Card,TXN00991,Success
PAY00992,POL00992,2022-03-23,201.09,UPI,TXN00992,Success
PAY00993,POL00993,2023-03-07,1721.64,Credit Card,TXN00993,Success
PAY00994,POL00994,2023-06-19,1973.12,Bank Transfer,TXN00994,Success
PAY00995,POL00995,2023-08-03,1078.99,UPI,TXN00995,Success
PAY00996,POL00996,2022-07-15,153.99,Credit Card,TXN00996,Success
PAY00997,POL00997,2023-12-30,210.95,Bank Transfer,TXN00997,Success
PAY00998,POL00998,2023-05-12,1917.49,Debit Card,TXN00998,Success
PAY00999,POL00999,2023-01-02,1168.33,Net Banking,TXN00999,Success
PAY01000,POL01000,2022-08-30,1635.53,Debit Card,TXN01000,Success
