policy_id,customer_id,policy_number,policy_type,start_date,end_date,premium_amount,status
POL00001,CUST00001,PN00001,Life,2021-12-13,2022-12-13,743.61,Active
POL00002,CUST00002,PN00002,Life,2022-04-27,2023-04-27,1270.85,Active
POL00003,CUST00003,PN00003,Home,2022-12-10,2023-12-10,1163.91,Active
POL00004,CUST00004,PN00004,Auto,2020-06-24,2021-06-24,1596.09,Active
POL00005,CUST00005,PN00005,Health,2020-05-12,2021-05-12,1690.36,Active
POL00006,CUST00006,PN00006,Auto,2020-08-02,2021-08-02,1046.94,Active
POL00007,CUST00007,PN00007,Auto,2021-07-04,2022-07-04,930.7,Active
POL00008,CUST00008,PN00008,Auto,2022-03-31,2023-03-31,977.82,Active
POL00009,CUST00009,PN00009,Auto,2022-03-31,2023-03-31,1839.43,Active
POL00010,CUST00010,PN00010,Life,2022-11-25,2023-11-25,1712.77,Active
POL00011,CUST00011,PN00011,Life,2021-12-16,2022-12-16,1611.59,Active
POL00012,CUST00012,PN00012,Auto,2021-04-25,2022-04-25,803.58,Active
POL00013,CUST00013,PN00013,Home,2021-06-28,2022-06-28,1513.26,Active
POL00014,CUST00014,PN00014,Life,2022-06-27,2023-06-27,1851.0,Active
POL00015,CUST00015,PN00015,Health,2022-01-05,2023-01-05,504.95,Active
POL00016,CUST00016,PN00016,Home,2021-01-23,2022-01-23,1788.03,Active
POL00017,CUST00017,PN00017,Auto,2020-05-03,2021-05-03,1454.81,Active
POL00018,CUST00018,PN00018,Health,2022-01-03,2023-01-03,316.92,Active
POL00019,CUST00019,PN00019,Auto,2021-03-14,2022-03-14,1974.82,Active
POL00020,CUST00020,PN00020,Home,2020-02-05,2021-02-04,914.06,Active
POL00021,CUST00021,PN00021,Life,2022-09-29,2023-09-29,656.55,Active
POL00022,CUST00022,PN00022,Auto,2020-06-24,2021-06-24,993.44,Active
POL00023,CUST00023,PN00023,Life,2021-05-29,2022-05-29,1398.06,Active
POL00024,CUST00024,PN00024,Home,2022-12-03,2023-12-03,1539.53,Active
POL00025,CUST00025,PN00025,Home,2021-09-14,2022-09-14,1431.47,Active
POL00026,CUST00026,PN00026,Health,2020-09-02,2021-09-02,712.33,Active
POL00027,CUST00027,PN00027,Auto,2022-06-30,2023-06-30,1186.54,Active
POL00028,CUST00028,PN00028,Home,2021-09-05,2022-09-05,789.07,Active
POL00029,CUST00029,PN00029,Life,2022-01-03,2023-01-03,1715.44,Active
POL00030,CUST00030,PN00030,Life,2020-05-07,2021-05-07,947.46,Active
POL00031,CUST00031,PN00031,Life,2020-07-04,2021-07-04,656.25,Active
POL00032,CUST00032,PN00032,Home,2022-12-24,2023-12-24,1981.31,Active
POL00033,CUST00033,PN00033,Home,2020-03-09,2021-03-09,1559.67,Active
POL00034,CUST00034,PN00034,Home,2021-06-01,2022-06-01,453.72,Active
POL00035,CUST00035,PN00035,Life,2021-04-19,2022-04-19,1567.38,Active
POL00036,CUST00036,PN00036,Home,2020-12-05,2021-12-05,530.62,Active
POL00037,CUST00037,PN00037,Life,2020-01-12,2021-01-11,634.2,Active
POL00038,CUST00038,PN00038,Health,2020-01-04,2021-01-03,1354.39,Active
POL00039,CUST00039,PN00039,Auto,2021-08-24,2022-08-24,732.33,Active
POL00040,CUST00040,PN00040,Auto,2021-08-01,2022-08-01,1189.4,Active
POL00041,CUST00041,PN00041,Life,2021-04-11,2022-04-11,973.78,Active
POL00042,CUST00042,PN00042,Health,2022-06-30,2023-06-30,1099.53,Active
POL00043,CUST00043,PN00043,Home,2021-07-30,2022-07-30,1811.75,Active
POL00044,CUST00044,PN00044,Auto,2020-12-17,2021-12-17,746.42,Active
POL00045,CUST00045,PN00045,Auto,2020-10-14,2021-10-14,1272.94,Active
POL00046,CUST00046,PN00046,Life,2020-04-29,2021-04-29,1342.85,Active
POL00047,CUST00047,PN00047,Auto,2022-07-31,2023-07-31,1819.91,Active
POL00048,CUST00048,PN00048,Auto,2022-08-02,2023-08-02,606.42,Active
POL00049,CUST00049,PN00049,Home,2021-05-25,2022-05-25,1201.26,Active
POL00050,CUST00050,PN00050,Health,2021-05-10,2022-05-10,999.74,Active
POL00051,CUST00051,PN00051,Home,2021-08-11,2022-08-11,909.23,Active
POL00052,CUST00052,PN00052,Life,2020-08-03,2021-08-03,851.63,Active
POL00053,CUST00053,PN00053,Life,2021-09-19,2022-09-19,1556.42,Active
POL00054,CUST00054,PN00054,Life,2021-11-02,2022-11-02,1668.62,Active
POL00055,CUST00055,PN00055,Home,2021-06-26,2022-06-26,1891.85,Active
POL00056,CUST00056,PN00056,Auto,2021-04-14,2022-04-14,1918.89,Active
POL00057,CUST00057,PN00057,Home,2022-07-30,2023-07-30,1973.25,Active
POL00058,CUST00058,PN00058,Home,2022-08-20,2023-08-20,1247.44,Active
POL00059,CUST00059,PN00059,Health,2021-04-03,2022-04-03,1756.66,Active
POL00060,CUST00060,PN00060,Home,2020-10-23,2021-10-23,816.66,Active
POL00061,CUST00061,PN00061,Life,2022-07-11,2023-07-11,1268.6,Active
POL00062,CUST00062,PN00062,Home,2022-03-12,2023-03-12,1590.67,Active
POL00063,CUST00063,PN00063,Life,2022-06-25,2023-06-25,1345.11,Active
POL00064,CUST00064,PN00064,Health,2022-09-01,2023-09-01,395.18,Active
POL00065,CUST00065,PN00065,Life,2021-11-28,2022-11-28,1519.21,Active
POL00066,CUST00066,PN00066,Home,2020-02-09,2021-02-08,1549.45,Active
POL00067,CUST00067,PN00067,Home,2021-05-02,2022-05-02,467.76,Active
POL00068,CUST00068,PN00068,Life,2021-04-05,2022-04-05,1787.59,Active
POL00069,CUST00069,PN00069,Auto,2021-05-21,2022-05-21,1850.85,Active
POL00070,CUST00070,PN00070,Auto,2021-02-16,2022-02-16,919.9,Active
POL00071,CUST00071,PN00071,Auto,2022-03-23,2023-03-23,1941.35,Active
POL00072,CUST00072,PN00072,Life,2021-02-25,2022-02-25,1286.15,Active
POL00073,CUST00073,PN00073,Health,2021-05-03,2022-05-03,1279.29,Active
POL00074,CUST00074,PN00074,Health,2020-12-09,2021-12-09,784.63,Active
POL00075,CUST00075,PN00075,Home,2020-10-27,2021-10-27,718.9,Active
POL00076,CUST00076,PN00076,Health,2022-12-29,2023-12-29,1882.05,Active
POL00077,CUST00077,PN00077,Health,2021-02-09,2022-02-09,1755.22,Active
POL00078,CUST00078,PN00078,Health,2020-06-23,2021-06-23,519.62,Active
POL00079,CUST00079,PN00079,Health,2022-09-05,2023-09-05,1949.12,Active
POL00080,CUST00080,PN00080,Home,2021-04-18,2022-04-18,355.77,Active
POL00081,CUST00081,PN00081,Life,2020-03-03,2021-03-03,1493.31,Active
POL00082,CUST00082,PN00082,Home,2021-12-20,2022-12-20,1827.12,Active
POL00083,CUST00083,PN00083,Life,2020-02-08,2021-02-07,1292.28,Active
POL00084,CUST00084,PN00084,Auto,2021-09-02,2022-09-02,605.68,Active
POL00085,CUST00085,PN00085,Home,2020-10-05,2021-10-05,698.97,Active
POL00086,CUST00086,PN00086,Auto,2021-11-04,2022-11-04,1129.77,Active
POL00087,CUST00087,PN00087,Life,2021-01-20,2022-01-20,1387.04,Active
POL00088,CUST00088,PN00088,Health,2020-02-02,2021-02-01,891.07,Active
POL00089,CUST00089,PN00089,Home,2021-12-12,2022-12-12,1196.92,Active
POL00090,CUST00090,PN00090,Life,2022-05-04,2023-05-04,886.04,Active
POL00091,CUST00091,PN00091,Auto,2020-07-25,2021-07-25,975.04,Active
POL00092,CUST00092,PN00092,Health,2020-10-24,2021-10-24,1629.69,Active
POL00093,CUST00093,PN00093,Home,2021-08-11,2022-08-11,982.07,Active
POL00094,CUST00094,PN00094,Auto,2020-11-19,2021-11-19,839.72,Active
POL00095,CUST00095,PN00095,Health,2020-05-19,2021-05-19,1454.51,Active
POL00096,CUST00096,PN00096,Home,2020-11-08,2021-11-08,1601.99,Active
POL00097,CUST00097,PN00097,Life,2022-02-10,2023-02-10,1693.4,Active
POL00098,CUST00098,PN00098,Auto,2020-08-22,2021-08-22,1838.57,Active
POL00099,CUST00099,PN00099,Health,2022-11-03,2023-11-03,1032.66,Active
POL00100,CUST00100,PN00100,Home,2022-09-12,2023-09-12,1943.54,Active
POL00101,CUST00101,PN00101,Auto,2020-09-29,2021-09-29,1835.6,Active
POL00102,CUST00102,PN00102,Health,2021-05-19,2022-05-19,1981.22,Active
POL00103,CUST00103,PN00103,Home,2020-01-17,2021-01-16,794.4,Active
POL00104,CUST00104,PN00104,Health,2021-02-14,2022-02-14,1774.46,Active
POL00105,CUST00105,PN00105,Home,2022-01-21,2023-01-21,754.46,Active
POL00106,CUST00106,PN00106,Life,2021-10-10,2022-10-10,1145.18,Active
POL00107,CUST00107,PN00107,Auto,2022-12-18,2023-12-18,1136.83,Active
POL00108,CUST00108,PN00108,Health,2022-01-17,2023-01-17,1210.24,Active
POL00109,CUST00109,PN00109,Auto,2020-12-18,2021-12-18,452.32,Active
POL00110,CUST00110,PN00110,Home,2021-06-12,2022-06-12,1557.28,Active
POL00111,CUST00111,PN00111,Life,2020-03-25,2021-03-25,1720.74,Active
POL00112,CUST00112,PN00112,Auto,2022-10-13,2023-10-13,1176.7,Active
POL00113,CUST00113,PN00113,Health,2022-02-19,2023-02-19,1354.49,Active
POL00114,CUST00114,PN00114,Auto,2021-01-02,2022-01-02,482.69,Active
POL00115,CUST00115,PN00115,Life,2020-10-14,2021-10-14,885.27,Active
POL00116,CUST00116,PN00116,Auto,2020-11-20,2021-11-20,684.39,Active
POL00117,CUST00117,PN00117,Health,2020-05-21,2021-05-21,619.45,Active
POL00118,CUST00118,PN00118,Life,2021-07-01,2022-07-01,571.28,Active
POL00119,CUST00119,PN00119,Home,2020-09-27,2021-09-27,1609.07,Active
POL00120,CUST00120,PN00120,Health,2022-06-21,2023-06-21,680.35,Active
POL00121,CUST00121,PN00121,Life,2021-06-23,2022-06-23,1536.77,Active
POL00122,CUST00122,PN00122,Health,2021-07-06,2022-07-06,1865.08,Active
POL00123,CUST00123,PN00123,Home,2021-09-14,2022-09-14,1635.26,Active
POL00124,CUST00124,PN00124,Life,2021-04-17,2022-04-17,1178.56,Active
POL00125,CUST00125,PN00125,Health,2022-10-28,2023-10-28,667.6,Active
POL00126,CUST00126,PN00126,Home,2021-06-30,2022-06-30,1521.99,Active
POL00127,CUST00127,PN00127,Home,2021-05-28,2022-05-28,637.52,Active
POL00128,CUST00128,PN00128,Life,2020-12-02,2021-12-02,1083.95,Active
POL00129,CUST00129,PN00129,Life,2022-09-28,2023-09-28,1883.89,Active
POL00130,CUST00130,PN00130,Home,2021-10-04,2022-10-04,1382.88,Active
POL00131,CUST00131,PN00131,Home,2020-02-03,2021-02-02,1043.2,Active
POL00132,CUST00132,PN00132,Home,2020-06-17,2021-06-17,1025.07,Active
POL00133,CUST00133,PN00133,Health,2021-02-10,2022-02-10,383.78,Active
POL00134,CUST00134,PN00134,Auto,2022-08-01,2023-08-01,401.49,Active
POL00135,CUST00135,PN00135,Auto,2021-10-03,2022-10-03,1531.27,Active
POL00136,CUST00136,PN00136,Home,2021-02-12,2022-02-12,1608.54,Active
POL00137,CUST00137,PN00137,Auto,2022-05-14,2023-05-14,333.81,Active
POL00138,CUST00138,PN00138,Life,2020-09-16,2021-09-16,1184.73,Active
POL00139,CUST00139,PN00139,Health,2021-05-18,2022-05-18,1639.01,Active
POL00140,CUST00140,PN00140,Auto,2021-11-23,2022-11-23,796.63,Active
POL00141,CUST00141,PN00141,Health,2020-08-22,2021-08-22,1189.69,Active
POL00142,CUST00142,PN00142,Health,2022-06-08,2023-06-08,1526.49,Active
POL00143,CUST00143,PN00143,Life,2021-08-08,2022-08-08,1058.03,Active
POL00144,CUST00144,PN00144,Life,2021-04-25,2022-04-25,802.94,Active
POL00145,CUST00145,PN00145,Home,2022-12-28,2023-12-28,1360.84,Active
POL00146,CUST00146,PN00146,Health,2021-05-09,2022-05-09,1837.34,Active
POL00147,CUST00147,PN00147,Auto,2020-04-13,2021-04-13,1324.04,Active
POL00148,CUST00148,PN00148,Health,2022-11-04,2023-11-04,628.5,Active
POL00149,CUST00149,PN00149,Home,2020-10-25,2021-10-25,1280.2,Active
POL00150,CUST00150,PN00150,Auto,2020-09-08,2021-09-08,956.98,Active
POL00151,CUST00151,PN00151,Health,2020-09-25,2021-09-25,1038.5,Active
POL00152,CUST00152,PN00152,Auto,2022-10-27,2023-10-27,1907.68,Active
POL00153,CUST00153,PN00153,Home,2022-05-26,2023-05-26,617.97,Active
POL00154,CUST00154,PN00154,Auto,2022-05-17,2023-05-17,1822.31,Active
POL00155,CUST00155,PN00155,Home,2020-01-13,2021-01-12,958.08,Active
POL00156,CUST00156,PN00156,Home,2021-09-17,2022-09-17,773.68,Active
POL00157,CUST00157,PN00157,Home,2020-01-04,2021-01-03,1524.75,Active
POL00158,CUST00158,PN00158,Home,2021-10-26,2022-10-26,967.22,Active
POL00159,CUST00159,PN00159,Life,2021-08-24,2022-08-24,897.93,Active
POL00160,CUST00160,PN00160,Home,2021-11-22,2022-11-22,800.19,Active
POL00161,CUST00161,PN00161,Health,2020-10-08,2021-10-08,1663.78,Active
POL00162,CUST00162,PN00162,Health,2021-07-31,2022-07-31,416.65,Active
POL00163,CUST00163,PN00163,Auto,2022-08-07,2023-08-07,1472.87,Active
POL00164,CUST00164,PN00164,Health,2020-06-28,2021-06-28,1412.49,Active
POL00165,CUST00165,PN00165,Health,2022-10-25,2023-10-25,805.6,Active
POL00166,CUST00166,PN00166,Home,2020-07-08,2021-07-08,1977.36,Active
POL00167,CUST00167,PN00167,Health,2021-08-06,2022-08-06,869.91,Active
POL00168,CUST00168,PN00168,Life,2020-03-06,2021-03-06,1710.82,Active
POL00169,CUST00169,PN00169,Life,2022-10-13,2023-10-13,1604.58,Active
POL00170,CUST00170,PN00170,Health,2021-01-17,2022-01-17,1427.03,Active
POL00171,CUST00171,PN00171,Life,2022-07-15,2023-07-15,1743.46,Active
POL00172,CUST00172,PN00172,Auto,2020-02-02,2021-02-01,1533.09,Active
POL00173,CUST00173,PN00173,Health,2022-08-08,2023-08-08,1370.76,Active
POL00174,CUST00174,PN00174,Auto,2021-12-18,2022-12-18,1953.8,Active
POL00175,CUST00175,PN00175,Life,2022-09-14,2023-09-14,1755.62,Active
POL00176,CUST00176,PN00176,Auto,2021-09-07,2022-09-07,1670.52,Active
POL00177,CUST00177,PN00177,Life,2022-01-10,2023-01-10,1843.08,Active
POL00178,CUST00178,PN00178,Home,2021-08-28,2022-08-28,1951.49,Active
POL00179,CUST00179,PN00179,Health,2020-07-07,2021-07-07,1085.84,Active
POL00180,CUST00180,PN00180,Health,2022-02-27,2023-02-27,1262.81,Active
POL00181,CUST00181,PN00181,Life,2020-08-05,2021-08-05,1525.08,Active
POL00182,CUST00182,PN00182,Health,2022-07-23,2023-07-23,1901.64,Active
POL00183,CUST00183,PN00183,Health,2022-07-19,2023-07-19,647.31,Active
POL00184,CUST00184,PN00184,Health,2020-01-18,2021-01-17,1344.67,Active
POL00185,CUST00185,PN00185,Home,2020-05-14,2021-05-14,1550.71,Active
POL00186,CUST00186,PN00186,Home,2020-08-05,2021-08-05,1838.45,Active
POL00187,CUST00187,PN00187,Life,2021-11-30,2022-11-30,1813.6,Active
POL00188,CUST00188,PN00188,Auto,2021-10-08,2022-10-08,1429.03,Active
POL00189,CUST00189,PN00189,Home,2020-06-26,2021-06-26,676.32,Active
POL00190,CUST00190,PN00190,Auto,2020-03-31,2021-03-31,589.15,Active
POL00191,CUST00191,PN00191,Home,2022-11-21,2023-11-21,1655.92,Active
POL00192,CUST00192,PN00192,Home,2021-07-14,2022-07-14,1391.89,Active
POL00193,CUST00193,PN00193,Life,2022-09-26,2023-09-26,484.33,Active
POL00194,CUST00194,PN00194,Auto,2020-09-18,2021-09-18,1378.75,Active
POL00195,CUST00195,PN00195,Life,2020-06-05,2021-06-05,585.07,Active
POL00196,CUST00196,PN00196,Health,2022-10-24,2023-10-24,552.84,Active
POL00197,CUST00197,PN00197,Health,2022-03-17,2023-03-17,870.29,Active
POL00198,CUST00198,PN00198,Life,2021-05-22,2022-05-22,1405.57,Active
POL00199,CUST00199,PN00199,Home,2020-08-24,2021-08-24,603.17,Active
POL00200,CUST00200,PN00200,Home,2021-05-27,2022-05-27,1891.54,Active
POL00201,CUST00201,PN00201,Health,2022-07-18,2023-07-18,1076.45,Active
POL00202,CUST00202,PN00202,Life,2021-09-01,2022-09-01,1810.68,Active
POL00203,CUST00203,PN00203,Life,2021-05-07,2022-05-07,991.79,Active
POL00204,CUST00204,PN00204,Home,2020-06-24,2021-06-24,539.87,Active
POL00205,CUST00205,PN00205,Auto,2022-10-08,2023-10-08,1232.63,Active
POL00206,CUST00206,PN00206,Auto,2022-04-01,2023-04-01,945.98,Active
POL00207,CUST00207,PN00207,Life,2022-10-10,2023-10-10,442.36,Active
POL00208,CUST00208,PN00208,Health,2021-10-05,2022-10-05,768.42,Active
POL00209,CUST00209,PN00209,Home,2021-06-10,2022-06-10,832.87,Active
POL00210,CUST00210,PN00210,Life,2020-12-15,2021-12-15,497.99,Active
POL00211,CUST00211,PN00211,Life,2021-04-16,2022-04-16,573.18,Active
POL00212,CUST00212,PN00212,Home,2022-09-09,2023-09-09,1521.91,Active
POL00213,CUST00213,PN00213,Home,2022-02-26,2023-02-26,554.95,Active
POL00214,CUST00214,PN00214,Life,2022-07-06,2023-07-06,382.99,Active
POL00215,CUST00215,PN00215,Auto,2020-01-10,2021-01-09,897.61,Active
POL00216,CUST00216,PN00216,Auto,2022-05-20,2023-05-20,1857.31,Active
POL00217,CUST00217,PN00217,Home,2020-07-18,2021-07-18,1061.5,Active
POL00218,CUST00218,PN00218,Home,2020-03-04,2021-03-04,1871.2,Active
POL00219,CUST00219,PN00219,Auto,2021-12-30,2022-12-30,1462.45,Active
POL00220,CUST00220,PN00220,Auto,2020-04-01,2021-04-01,1560.83,Active
POL00221,CUST00221,PN00221,Home,2020-12-04,2021-12-04,1010.98,Active
POL00222,CUST00222,PN00222,Health,2020-09-22,2021-09-22,1521.84,Active
POL00223,CUST00223,PN00223,Life,2020-07-01,2021-07-01,1671.44,Active
POL00224,CUST00224,PN00224,Auto,2021-01-27,2022-01-27,836.52,Active
POL00225,CUST00225,PN00225,Home,2020-03-22,2021-03-22,1680.17,Active
POL00226,CUST00226,PN00226,Health,2022-01-21,2023-01-21,768.05,Active
POL00227,CUST00227,PN00227,Health,2022-11-26,2023-11-26,1617.03,Active
POL00228,CUST00228,PN00228,Life,2021-01-15,2022-01-15,1317.77,Active
POL00229,CUST00229,PN00229,Home,2020-08-27,2021-08-27,1878.5,Active
POL00230,CUST00230,PN00230,Home,2020-11-29,2021-11-29,1729.52,Active
POL00231,CUST00231,PN00231,Home,2020-12-25,2021-12-25,1923.36,Active
POL00232,CUST00232,PN00232,Home,2020-08-30,2021-08-30,1336.41,Active
POL00233,CUST00233,PN00233,Auto,2021-11-06,2022-11-06,1418.71,Active
POL00234,CUST00234,PN00234,Home,2021-04-14,2022-04-14,532.1,Active
POL00235,CUST00235,PN00235,Auto,2021-06-12,2022-06-12,1876.4,Active
POL00236,CUST00236,PN00236,Auto,2021-11-18,2022-11-18,1382.3,Active
POL00237,CUST00237,PN00237,Auto,2020-11-26,2021-11-26,1464.82,Active
POL00238,CUST00238,PN00238,Home,2021-03-20,2022-03-20,912.46,Active
POL00239,CUST00239,PN00239,Life,2020-03-26,2021-03-26,1161.82,Active
POL00240,CUST00240,PN00240,Auto,2022-03-07,2023-03-07,1224.24,Active
POL00241,CUST00241,PN00241,Health,2021-06-11,2022-06-11,1679.3,Active
POL00242,CUST00242,PN00242,Home,2022-09-12,2023-09-12,1434.55,Active
POL00243,CUST00243,PN00243,Auto,2021-01-12,2022-01-12,1281.08,Active
POL00244,CUST00244,PN00244,Health,2020-05-11,2021-05-11,1158.2,Active
POL00245,CUST00245,PN00245,Life,2022-08-23,2023-08-23,1557.12,Active
POL00246,CUST00246,PN00246,Auto,2021-11-26,2022-11-26,648.25,Active
POL00247,CUST00247,PN00247,Home,2020-02-23,2021-02-22,1957.25,Active
POL00248,CUST00248,PN00248,Health,2021-02-02,2022-02-02,1202.5,Active
POL00249,CUST00249,PN00249,Health,2020-10-28,2021-10-28,833.89,Active
POL00250,CUST00250,PN00250,Auto,2020-05-22,2021-05-22,452.55,Active
POL00251,CUST00251,PN00251,Health,2022-06-03,2023-06-03,1132.09,Active
POL00252,CUST00252,PN00252,Home,2021-06-08,2022-06-08,1542.83,Active
POL00253,CUST00253,PN00253,Health,2020-01-03,2021-01-02,423.04,Active
POL00254,CUST00254,PN00254,Home,2020-03-24,2021-03-24,791.1,Active
POL00255,CUST00255,PN00255,Health,2021-11-08,2022-11-08,1041.44,Active
POL00256,CUST00256,PN00256,Home,2020-01-18,2021-01-17,851.29,Active
POL00257,CUST00257,PN00257,Health,2020-09-10,2021-09-10,1328.35,Active
POL00258,CUST00258,PN00258,Health,2022-08-13,2023-08-13,1609.01,Active
POL00259,CUST00259,PN00259,Life,2021-09-22,2022-09-22,445.05,Active
POL00260,CUST00260,PN00260,Life,2022-09-10,2023-09-10,1858.48,Active
POL00261,CUST00261,PN00261,Home,2021-03-11,2022-03-11,933.6,Active
POL00262,CUST00262,PN00262,Home,2022-06-17,2023-06-17,1216.58,Active
POL00263,CUST00263,PN00263,Home,2022-03-02,2023-03-02,784.25,Active
POL00264,CUST00264,PN00264,Home,2021-12-22,2022-12-22,576.9,Active
POL00265,CUST00265,PN00265,Health,2022-10-25,2023-10-25,1916.74,Active
POL00266,CUST00266,PN00266,Auto,2020-08-06,2021-08-06,343.84,Active
POL00267,CUST00267,PN00267,Life,2022-07-29,2023-07-29,1329.2,Active
POL00268,CUST00268,PN00268,Life,2022-04-30,2023-04-30,973.07,Active
POL00269,CUST00269,PN00269,Health,2022-07-06,2023-07-06,1824.33,Active
POL00270,CUST00270,PN00270,Life,2022-08-16,2023-08-16,1406.86,Active
POL00271,CUST00271,PN00271,Auto,2021-04-09,2022-04-09,934.98,Active
POL00272,CUST00272,PN00272,Health,2022-09-22,2023-09-22,875.07,Active
POL00273,CUST00273,PN00273,Home,2022-01-02,2023-01-02,865.77,Active
POL00274,CUST00274,PN00274,Auto,2021-03-25,2022-03-25,1067.03,Active
POL00275,CUST00275,PN00275,Life,2020-09-27,2021-09-27,431.29,Active
POL00276,CUST00276,PN00276,Health,2020-02-28,2021-02-27,1708.23,Active
POL00277,CUST00277,PN00277,Life,2021-04-06,2022-04-06,1143.72,Active
POL00278,CUST00278,PN00278,Auto,2022-02-27,2023-02-27,1917.41,Active
POL00279,CUST00279,PN00279,Auto,2021-08-16,2022-08-16,429.89,Active
POL00280,CUST00280,PN00280,Auto,2021-12-02,2022-12-02,431.68,Active
POL00281,CUST00281,PN00281,Auto,2020-06-11,2021-06-11,1034.45,Active
POL00282,CUST00282,PN00282,Life,2022-06-19,2023-06-19,562.77,Active
POL00283,CUST00283,PN00283,Home,2022-01-18,2023-01-18,1169.94,Active
POL00284,CUST00284,PN00284,Life,2020-11-02,2021-11-02,1036.16,Active
POL00285,CUST00285,PN00285,Auto,2022-03-05,2023-03-05,1603.73,Active
POL00286,CUST00286,PN00286,Auto,2020-01-11,2021-01-10,466.71,Active
POL00287,CUST00287,PN00287,Life,2020-08-11,2021-08-11,517.51,Active
POL00288,CUST00288,PN00288,Auto,2022-09-11,2023-09-11,1161.01,Active
POL00289,CUST00289,PN00289,Home,2021-01-10,2022-01-10,654.26,Active
POL00290,CUST00290,PN00290,Auto,2021-12-14,2022-12-14,1962.37,Active
POL00291,CUST00291,PN00291,Home,2022-01-29,2023-01-29,1039.36,Active
POL00292,CUST00292,PN00292,Home,2022-12-07,2023-12-07,1722.1,Active
POL00293,CUST00293,PN00293,Auto,2020-08-03,2021-08-03,1020.23,Active
POL00294,CUST00294,PN00294,Health,2021-12-22,2022-12-22,1902.9,Active
POL00295,CUST00295,PN00295,Health,2021-12-21,2022-12-21,1177.31,Active
POL00296,CUST00296,PN00296,Life,2020-04-25,2021-04-25,618.7,Active
POL00297,CUST00297,PN00297,Health,2022-09-17,2023-09-17,688.21,Active
POL00298,CUST00298,PN00298,Life,2022-01-28,2023-01-28,1873.32,Active
POL00299,CUST00299,PN00299,Auto,2022-12-01,2023-12-01,1603.42,Active
POL00300,CUST00300,PN00300,Home,2021-04-21,2022-04-21,481.27,Active
POL00301,CUST00301,PN00301,Home,2022-11-08,2023-11-08,1258.13,Active
POL00302,CUST00302,PN00302,Auto,2022-02-02,2023-02-02,1912.33,Active
POL00303,CUST00303,PN00303,Life,2020-07-29,2021-07-29,1999.14,Active
POL00304,CUST00304,PN00304,Life,2022-06-01,2023-06-01,1277.9,Active
POL00305,CUST00305,PN00305,Home,2020-11-22,2021-11-22,903.87,Active
POL00306,CUST00306,PN00306,Health,2021-10-29,2022-10-29,631.94,Active
POL00307,CUST00307,PN00307,Health,2020-03-26,2021-03-26,519.89,Active
POL00308,CUST00308,PN00308,Health,2022-08-25,2023-08-25,637.83,Active
POL00309,CUST00309,PN00309,Health,2021-12-05,2022-12-05,1837.93,Active
POL00310,CUST00310,PN00310,Auto,2021-02-12,2022-02-12,1368.7,Active
POL00311,CUST00311,PN00311,Health,2021-02-17,2022-02-17,1885.62,Active
POL00312,CUST00312,PN00312,Health,2021-05-23,2022-05-23,1496.04,Active
POL00313,CUST00313,PN00313,Health,2021-10-01,2022-10-01,1348.46,Active
POL00314,CUST00314,PN00314,Life,2020-03-17,2021-03-17,1552.8,Active
POL00315,CUST00315,PN00315,Life,2021-09-05,2022-09-05,1498.44,Active
POL00316,CUST00316,PN00316,Life,2021-12-05,2022-12-05,1964.02,Active
POL00317,CUST00317,PN00317,Life,2021-03-08,2022-03-08,1869.54,Active
POL00318,CUST00318,PN00318,Auto,2022-09-21,2023-09-21,906.77,Active
POL00319,CUST00319,PN00319,Auto,2021-10-06,2022-10-06,914.63,Active
POL00320,CUST00320,PN00320,Life,2022-12-06,2023-12-06,1590.65,Active
POL00321,CUST00321,PN00321,Life,2021-07-03,2022-07-03,1779.85,Active
POL00322,CUST00322,PN00322,Life,2022-05-17,2023-05-17,1546.13,Active
POL00323,CUST00323,PN00323,Life,2020-05-26,2021-05-26,1923.56,Active
POL00324,CUST00324,PN00324,Health,2022-05-28,2023-05-28,1366.1,Active
POL00325,CUST00325,PN00325,Life,2021-10-12,2022-10-12,1692.43,Active
POL00326,CUST00326,PN00326,Auto,2020-06-26,2021-06-26,1468.48,Active
POL00327,CUST00327,PN00327,Life,2022-10-15,2023-10-15,1224.16,Active
POL00328,CUST00328,PN00328,Health,2020-08-01,2021-08-01,1973.38,Active
POL00329,CUST00329,PN00329,Auto,2021-11-08,2022-11-08,1440.18,Active
POL00330,CUST00330,PN00330,Life,2021-03-23,2022-03-23,1798.93,Active
POL00331,CUST00331,PN00331,Life,2020-10-01,2021-10-01,1601.67,Active
POL00332,CUST00332,PN00332,Health,2022-10-19,2023-10-19,1786.79,Active
POL00333,CUST00333,PN00333,Health,2020-09-12,2021-09-12,1925.35,Active
POL00334,CUST00334,PN00334,Health,2021-01-25,2022-01-25,551.22,Active
POL00335,CUST00335,PN00335,Life,2022-10-14,2023-10-14,784.03,Active
POL00336,CUST00336,PN00336,Auto,2020-03-16,2021-03-16,1245.12,Active
POL00337,CUST00337,PN00337,Life,2021-05-20,2022-05-20,724.69,Active
POL00338,CUST00338,PN00338,Home,2022-12-10,2023-12-10,603.35,Active
POL00339,CUST00339,PN00339,Auto,2022-08-13,2023-08-13,973.43,Active
POL00340,CUST00340,PN00340,Health,2020-11-17,2021-11-17,1432.95,Active
POL00341,CUST00341,PN00341,Life,2020-12-18,2021-12-18,1460.37,Active
POL00342,CUST00342,PN00342,Health,2022-09-28,2023-09-28,1215.12,Active
POL00343,CUST00343,PN00343,Life,2020-04-18,2021-04-18,1521.99,Active
POL00344,CUST00344,PN00344,Life,2021-05-16,2022-05-16,1865.12,Active
POL00345,CUST00345,PN00345,Life,2021-10-06,2022-10-06,1492.53,Active
POL00346,CUST00346,PN00346,Health,2020-01-15,2021-01-14,503.65,Active
POL00347,CUST00347,PN00347,Health,2020-01-20,2021-01-19,1297.41,Active
POL00348,CUST00348,PN00348,Auto,2020-05-20,2021-05-20,589.8,Active
POL00349,CUST00349,PN00349,Home,2020-01-29,2021-01-28,619.93,Active
POL00350,CUST00350,PN00350,Health,2021-07-03,2022-07-03,994.94,Active
POL00351,CUST00351,PN00351,Home,2020-07-17,2021-07-17,984.59,Active
POL00352,CUST00352,PN00352,Auto,2021-04-26,2022-04-26,446.71,Active
POL00353,CUST00353,PN00353,Home,2021-04-27,2022-04-27,834.94,Active
POL00354,CUST00354,PN00354,Auto,2020-02-22,2021-02-21,507.91,Active
POL00355,CUST00355,PN00355,Health,2022-08-13,2023-08-13,1563.24,Active
POL00356,CUST00356,PN00356,Home,2021-04-09,2022-04-09,365.16,Active
POL00357,CUST00357,PN00357,Life,2022-04-10,2023-04-10,1899.72,Active
POL00358,CUST00358,PN00358,Auto,2021-05-16,2022-05-16,1394.99,Active
POL00359,CUST00359,PN00359,Health,2022-02-12,2023-02-12,1320.25,Active
POL00360,CUST00360,PN00360,Life,2022-11-01,2023-11-01,575.36,Active
POL00361,CUST00361,PN00361,Home,2021-09-04,2022-09-04,831.74,Active
POL00362,CUST00362,PN00362,Health,2020-09-21,2021-09-21,1525.47,Active
POL00363,CUST00363,PN00363,Health,2021-02-01,2022-02-01,455.14,Active
POL00364,CUST00364,PN00364,Home,2020-03-18,2021-03-18,1650.8,Active
POL00365,CUST00365,PN00365,Life,2020-08-15,2021-08-15,410.65,Active
POL00366,CUST00366,PN00366,Health,2020-11-22,2021-11-22,1615.83,Active
POL00367,CUST00367,PN00367,Home,2020-02-22,2021-02-21,840.78,Active
POL00368,CUST00368,PN00368,Auto,2022-10-03,2023-10-03,783.12,Active
POL00369,CUST00369,PN00369,Home,2021-07-14,2022-07-14,818.29,Active
POL00370,CUST00370,PN00370,Health,2020-02-08,2021-02-07,858.65,Active
POL00371,CUST00371,PN00371,Health,2021-12-18,2022-12-18,1730.13,Active
POL00372,CUST00372,PN00372,Home,2022-10-01,2023-10-01,1066.7,Active
POL00373,CUST00373,PN00373,Auto,2020-11-01,2021-11-01,343.78,Active
POL00374,CUST00374,PN00374,Health,2022-08-25,2023-08-25,961.81,Active
POL00375,CUST00375,PN00375,Home,2020-06-13,2021-06-13,1503.6,Active
POL00376,CUST00376,PN00376,Home,2022-03-26,2023-03-26,1958.41,Active
POL00377,CUST00377,PN00377,Life,2022-04-19,2023-04-19,1193.39,Active
POL00378,CUST00378,PN00378,Life,2021-03-28,2022-03-28,331.5,Active
POL00379,CUST00379,PN00379,Auto,2021-11-17,2022-11-17,1799.78,Active
POL00380,CUST00380,PN00380,Life,2022-02-15,2023-02-15,1625.39,Active
POL00381,CUST00381,PN00381,Home,2022-04-03,2023-04-03,639.52,Active
POL00382,CUST00382,PN00382,Auto,2022-06-14,2023-06-14,1269.27,Active
POL00383,CUST00383,PN00383,Home,2022-12-04,2023-12-04,1650.72,Active
POL00384,CUST00384,PN00384,Auto,2021-08-13,2022-08-13,1088.48,Active
POL00385,CUST00385,PN00385,Home,2021-07-27,2022-07-27,1075.22,Active
POL00386,CUST00386,PN00386,Health,2021-11-06,2022-11-06,1380.53,Active
POL00387,CUST00387,PN00387,Home,2022-06-25,2023-06-25,1141.94,Active
POL00388,CUST00388,PN00388,Health,2022-12-20,2023-12-20,1492.44,Active
POL00389,CUST00389,PN00389,Home,2021-09-06,2022-09-06,306.82,Active
POL00390,CUST00390,PN00390,Life,2022-11-18,2023-11-18,1320.58,Active
POL00391,CUST00391,PN00391,Health,2020-03-30,2021-03-30,1106.18,Active
POL00392,CUST00392,PN00392,Auto,2021-03-12,2022-03-12,1336.32,Active
POL00393,CUST00393,PN00393,Home,2021-10-07,2022-10-07,1111.73,Active
POL00394,CUST00394,PN00394,Auto,2022-11-26,2023-11-26,1164.04,Active
POL00395,CUST00395,PN00395,Home,2020-03-21,2021-03-21,1305.63,Active
POL00396,CUST00396,PN00396,Auto,2022-01-26,2023-01-26,1942.12,Active
POL00397,CUST00397,PN00397,Life,2020-09-08,2021-09-08,1559.23,Active
POL00398,CUST00398,PN00398,Auto,2022-05-04,2023-05-04,969.03,Active
POL00399,CUST00399,PN00399,Home,2022-05-16,2023-05-16,1836.37,Active
POL00400,CUST00400,PN00400,Auto,2022-06-06,2023-06-06,457.13,Active
POL00401,CUST00401,PN00401,Home,2021-02-14,2022-02-14,1254.79,Active
POL00402,CUST00402,PN00402,Health,2022-12-31,2023-12-31,465.51,Active
POL00403,CUST00403,PN00403,Home,2022-08-22,2023-08-22,938.49,Active
POL00404,CUST00404,PN00404,Auto,2022-04-15,2023-04-15,1715.89,Active
POL00405,CUST00405,PN00405,Health,2020-03-13,2021-03-13,1041.82,Active
POL00406,CUST00406,PN00406,Health,2022-06-19,2023-06-19,1203.44,Active
POL00407,CUST00407,PN00407,Auto,2020-03-29,2021-03-29,436.23,Active
POL00408,CUST00408,PN00408,Auto,2021-04-27,2022-04-27,1366.3,Active
POL00409,CUST00409,PN00409,Auto,2021-04-03,2022-04-03,1506.33,Active
POL00410,CUST00410,PN00410,Home,2021-09-08,2022-09-08,1310.28,Active
POL00411,CUST00411,PN00411,Home,2020-04-09,2021-04-09,780.45,Active
POL00412,CUST00412,PN00412,Life,2022-03-17,2023-03-17,1609.2,Active
POL00413,CUST00413,PN00413,Health,2020-02-16,2021-02-15,1590.15,Active
POL00414,CUST00414,PN00414,Auto,2021-03-25,2022-03-25,448.55,Active
POL00415,CUST00415,PN00415,Life,2021-01-23,2022-01-23,991.78,Active
POL00416,CUST00416,PN00416,Auto,2021-10-31,2022-10-31,1977.53,Active
POL00417,CUST00417,PN00417,Auto,2020-04-14,2021-04-14,1427.66,Active
POL00418,CUST00418,PN00418,Life,2022-12-20,2023-12-20,1118.73,Active
POL00419,CUST00419,PN00419,Health,2021-11-19,2022-11-19,377.06,Active
POL00420,CUST00420,PN00420,Health,2020-05-31,2021-05-31,1513.05,Active
POL00421,CUST00421,PN00421,Auto,2020-04-06,2021-04-06,347.07,Active
POL00422,CUST00422,PN00422,Home,2021-11-25,2022-11-25,1620.58,Active
POL00423,CUST00423,PN00423,Home,2021-06-14,2022-06-14,850.81,Active
POL00424,CUST00424,PN00424,Life,2022-09-15,2023-09-15,1584.43,Active
POL00425,CUST00425,PN00425,Auto,2022-09-16,2023-09-16,829.3,Active
POL00426,CUST00426,PN00426,Auto,2022-01-03,2023-01-03,1584.25,Active
POL00427,CUST00427,PN00427,Auto,2020-04-11,2021-04-11,1077.0,Active
POL00428,CUST00428,PN00428,Auto,2022-04-08,2023-04-08,1691.33,Active
POL00429,CUST00429,PN00429,Auto,2021-11-15,2022-11-15,670.69,Active
POL00430,CUST00430,PN00430,Health,2020-06-07,2021-06-07,1787.09,Active
POL00431,CUST00431,PN00431,Life,2021-01-10,2022-01-10,1690.44,Active
POL00432,CUST00432,PN00432,Life,2022-08-08,2023-08-08,924.31,Active
POL00433,CUST00433,PN00433,Home,2020-07-15,2021-07-15,763.68,Active
POL00434,CUST00434,PN00434,Auto,2022-11-17,2023-11-17,944.18,Active
POL00435,CUST00435,PN00435,Home,2020-06-10,2021-06-10,1520.11,Active
POL00436,CUST00436,PN00436,Auto,2022-01-16,2023-01-16,986.45,Active
POL00437,CUST00437,PN00437,Home,2020-05-20,2021-05-20,1064.76,Active
POL00438,CUST00438,PN00438,Life,2021-09-09,2022-09-09,339.38,Active
POL00439,CUST00439,PN00439,Home,2020-01-28,2021-01-27,1979.09,Active
POL00440,CUST00440,PN00440,Health,2020-12-01,2021-12-01,376.22,Active
POL00441,CUST00441,PN00441,Health,2021-02-02,2022-02-02,995.88,Active
POL00442,CUST00442,PN00442,Life,2022-06-12,2023-06-12,1650.09,Active
POL00443,CUST00443,PN00443,Life,2020-03-18,2021-03-18,614.38,Active
POL00444,CUST00444,PN00444,Home,2020-01-12,2021-01-11,1310.26,Active
POL00445,CUST00445,PN00445,Auto,2021-06-05,2022-06-05,709.56,Active
POL00446,CUST00446,PN00446,Life,2021-12-05,2022-12-05,1425.19,Active
POL00447,CUST00447,PN00447,Auto,2020-08-10,2021-08-10,1775.25,Active
POL00448,CUST00448,PN00448,Home,2022-08-24,2023-08-24,1146.12,Active
POL00449,CUST00449,PN00449,Health,2021-07-24,2022-07-24,1610.44,Active
POL00450,CUST00450,PN00450,Health,2020-07-27,2021-07-27,1741.78,Active
POL00451,CUST00451,PN00451,Home,2020-10-03,2021-10-03,1538.83,Active
POL00452,CUST00452,PN00452,Life,2022-04-19,2023-04-19,503.09,Active
POL00453,CUST00453,PN00453,Auto,2020-10-21,2021-10-21,561.63,Active
POL00454,CUST00454,PN00454,Home,2021-12-08,2022-12-08,1467.87,Active
POL00455,CUST00455,PN00455,Life,2020-02-08,2021-02-07,1360.73,Active
POL00456,CUST00456,PN00456,Home,2022-07-22,2023-07-22,531.86,Active
POL00457,CUST00457,PN00457,Auto,2022-05-06,2023-05-06,1015.61,Active
POL00458,CUST00458,PN00458,Life,2021-09-04,2022-09-04,536.55,Active
POL00459,CUST00459,PN00459,Health,2021-09-03,2022-09-03,569.77,Active
POL00460,CUST00460,PN00460,Life,2021-09-07,2022-09-07,1546.95,Active
POL00461,CUST00461,PN00461,Home,2020-11-15,2021-11-15,1605.04,Active
POL00462,CUST00462,PN00462,Auto,2021-07-18,2022-07-18,622.68,Active
POL00463,CUST00463,PN00463,Life,2022-07-31,2023-07-31,1673.59,Active
POL00464,CUST00464,PN00464,Health,2021-07-23,2022-07-23,1435.72,Active
POL00465,CUST00465,PN00465,Home,2022-05-23,2023-05-23,1239.14,Active
POL00466,CUST00466,PN00466,Life,2021-08-04,2022-08-04,1188.98,Active
POL00467,CUST00467,PN00467,Health,2022-05-24,2023-05-24,763.21,Active
POL00468,CUST00468,PN00468,Auto,2022-08-06,2023-08-06,1086.74,Active
POL00469,CUST00469,PN00469,Health,2022-01-12,2023-01-12,1427.79,Active
POL00470,CUST00470,PN00470,Auto,2021-11-19,2022-11-19,1546.77,Active
POL00471,CUST00471,PN00471,Life,2022-02-07,2023-02-07,919.71,Active
POL00472,CUST00472,PN00472,Life,2020-04-30,2021-04-30,664.31,Active
POL00473,CUST00473,PN00473,Home,2022-06-01,2023-06-01,1195.85,Active
POL00474,CUST00474,PN00474,Life,2021-05-12,2022-05-12,529.54,Active
POL00475,CUST00475,PN00475,Home,2022-04-14,2023-04-14,886.7,Active
POL00476,CUST00476,PN00476,Life,2020-06-11,2021-06-11,969.23,Active
POL00477,CUST00477,PN00477,Home,2021-01-15,2022-01-15,1434.44,Active
POL00478,CUST00478,PN00478,Auto,2022-10-01,2023-10-01,1321.01,Active
POL00479,CUST00479,PN00479,Auto,2021-01-17,2022-01-17,681.4,Active
POL00480,CUST00480,PN00480,Home,2022-10-02,2023-10-02,1049.8,Active
POL00481,CUST00481,PN00481,Life,2021-03-17,2022-03-17,794.71,Active
POL00482,CUST00482,PN00482,Home,2022-01-10,2023-01-10,1798.02,Active
POL00483,CUST00483,PN00483,Home,2022-03-07,2023-03-07,1341.66,Active
POL00484,CUST00484,PN00484,Health,2022-10-03,2023-10-03,588.43,Active
POL00485,CUST00485,PN00485,Health,2020-05-03,2021-05-03,592.3,Active
POL00486,CUST00486,PN00486,Life,2021-02-15,2022-02-15,1593.76,Active
POL00487,CUST00487,PN00487,Health,2020-04-23,2021-04-23,513.86,Active
POL00488,CUST00488,PN00488,Health,2021-10-23,2022-10-23,530.43,Active
POL00489,CUST00489,PN00489,Auto,2021-01-22,2022-01-22,1921.66,Active
POL00490,CUST00490,PN00490,Life,2021-08-30,2022-08-30,1705.93,Active
POL00491,CUST00491,PN00491,Auto,2020-09-04,2021-09-04,1001.13,Active
POL00492,CUST00492,PN00492,Auto,2022-06-07,2023-06-07,1515.02,Active
POL00493,CUST00493,PN00493,Life,2021-03-11,2022-03-11,1118.23,Active
POL00494,CUST00494,PN00494,Health,2022-09-12,2023-09-12,537.39,Active
POL00495,CUST00495,PN00495,Health,2020-06-03,2021-06-03,1607.77,Active
POL00496,CUST00496,PN00496,Auto,2021-03-17,2022-03-17,1444.57,Active
POL00497,CUST00497,PN00497,Auto,2022-02-04,2023-02-04,1286.26,Active
POL00498,CUST00498,PN00498,Health,2021-12-05,2022-12-05,1174.55,Active
POL00499,CUST00499,PN00499,Health,2021-12-03,2022-12-03,768.79,Active
POL00500,CUST00500,PN00500,Health,2022-07-11,2023-07-11,1105.46,Active
POL00501,CUST00501,PN00501,Health,2022-12-25,2023-12-25,1193.29,Active
POL00502,CUST00502,PN00502,Health,2021-04-09,2022-04-09,1142.15,Active
POL00503,CUST00503,PN00503,Health,2022-08-17,2023-08-17,1584.35,Active
POL00504,CUST00504,PN00504,Home,2020-10-07,2021-10-07,421.34,Active
POL00505,CUST00505,PN00505,Home,2022-12-06,2023-12-06,1108.19,Active
POL00506,CUST00506,PN00506,Home,2022-06-17,2023-06-17,854.6,Active
POL00507,CUST00507,PN00507,Home,2020-10-22,2021-10-22,1296.57,Active
POL00508,CUST00508,PN00508,Auto,2022-07-06,2023-07-06,1741.69,Active
POL00509,CUST00509,PN00509,Home,2020-10-13,2021-10-13,645.85,Active
POL00510,CUST00510,PN00510,Home,2021-07-05,2022-07-05,1782.49,Active
POL00511,CUST00511,PN00511,Auto,2020-06-11,2021-06-11,1402.27,Active
POL00512,CUST00512,PN00512,Health,2020-04-04,2021-04-04,1525.56,Active
POL00513,CUST00513,PN00513,Life,2022-06-17,2023-06-17,331.89,Active
POL00514,CUST00514,PN00514,Home,2021-10-02,2022-10-02,608.36,Active
POL00515,CUST00515,PN00515,Home,2020-03-22,2021-03-22,387.61,Active
POL00516,CUST00516,PN00516,Life,2022-03-28,2023-03-28,1145.55,Active
POL00517,CUST00517,PN00517,Home,2020-01-31,2021-01-30,496.43,Active
POL00518,CUST00518,PN00518,Home,2020-06-29,2021-06-29,1166.58,Active
POL00519,CUST00519,PN00519,Home,2021-10-06,2022-10-06,546.24,Active
POL00520,CUST00520,PN00520,Home,2021-12-15,2022-12-15,698.58,Active
POL00521,CUST00521,PN00521,Health,2021-04-07,2022-04-07,436.3,Active
POL00522,CUST00522,PN00522,Health,2021-07-24,2022-07-24,986.8,Active
POL00523,CUST00523,PN00523,Auto,2022-02-24,2023-02-24,1236.86,Active
POL00524,CUST00524,PN00524,Auto,2022-01-05,2023-01-05,828.14,Active
POL00525,CUST00525,PN00525,Health,2022-04-09,2023-04-09,1677.98,Active
POL00526,CUST00526,PN00526,Health,2020-02-29,2021-02-28,662.72,Active
POL00527,CUST00527,PN00527,Auto,2020-03-03,2021-03-03,1432.82,Active
POL00528,CUST00528,PN00528,Life,2020-12-07,2021-12-07,1077.11,Active
POL00529,CUST00529,PN00529,Auto,2020-04-06,2021-04-06,886.04,Active
POL00530,CUST00530,PN00530,Home,2022-02-14,2023-02-14,1869.59,Active
POL00531,CUST00531,PN00531,Home,2021-04-15,2022-04-15,1429.08,Active
POL00532,CUST00532,PN00532,Auto,2020-01-28,2021-01-27,1793.73,Active
POL00533,CUST00533,PN00533,Home,2021-08-16,2022-08-16,1699.68,Active
POL00534,CUST00534,PN00534,Auto,2020-12-17,2021-12-17,1829.71,Active
POL00535,CUST00535,PN00535,Health,2020-09-06,2021-09-06,888.84,Active
POL00536,CUST00536,PN00536,Health,2020-11-08,2021-11-08,678.26,Active
POL00537,CUST00537,PN00537,Auto,2020-04-27,2021-04-27,1015.87,Active
POL00538,CUST00538,PN00538,Auto,2022-01-14,2023-01-14,1911.9,Active
POL00539,CUST00539,PN00539,Life,2020-02-28,2021-02-27,645.25,Active
POL00540,CUST00540,PN00540,Life,2021-05-09,2022-05-09,731.23,Active
POL00541,CUST00541,PN00541,Auto,2021-09-29,2022-09-29,1562.1,Active
POL00542,CUST00542,PN00542,Home,2020-01-18,2021-01-17,423.29,Active
POL00543,CUST00543,PN00543,Auto,2021-12-24,2022-12-24,989.17,Active
POL00544,CUST00544,PN00544,Health,2022-03-21,2023-03-21,386.13,Active
POL00545,CUST00545,PN00545,Home,2020-04-17,2021-04-17,1612.36,Active
POL00546,CUST00546,PN00546,Health,2021-04-15,2022-04-15,1992.64,Active
POL00547,CUST00547,PN00547,Home,2020-06-02,2021-06-02,483.25,Active
POL00548,CUST00548,PN00548,Life,2022-09-21,2023-09-21,1892.61,Active
POL00549,CUST00549,PN00549,Auto,2020-06-01,2021-06-01,1453.69,Active
POL00550,CUST00550,PN00550,Life,2021-11-30,2022-11-30,1139.77,Active
POL00551,CUST00551,PN00551,Health,2020-01-08,2021-01-07,1587.96,Active
POL00552,CUST00552,PN00552,Health,2020-11-12,2021-11-12,1508.17,Active
POL00553,CUST00553,PN00553,Home,2022-06-07,2023-06-07,980.36,Active
POL00554,CUST00554,PN00554,Life,2020-11-29,2021-11-29,795.94,Active
POL00555,CUST00555,PN00555,Home,2022-09-20,2023-09-20,952.5,Active
POL00556,CUST00556,PN00556,Auto,2020-12-11,2021-12-11,1346.88,Active
POL00557,CUST00557,PN00557,Auto,2021-04-17,2022-04-17,899.18,Active
POL00558,CUST00558,PN00558,Auto,2022-05-25,2023-05-25,1285.98,Active
POL00559,CUST00559,PN00559,Home,2020-07-30,2021-07-30,967.15,Active
POL00560,CUST00560,PN00560,Home,2020-05-07,2021-05-07,609.03,Active
POL00561,CUST00561,PN00561,Life,2022-04-21,2023-04-21,1042.57,Active
POL00562,CUST00562,PN00562,Health,2022-06-07,2023-06-07,1324.33,Active
POL00563,CUST00563,PN00563,Health,2022-09-21,2023-09-21,1262.46,Active
POL00564,CUST00564,PN00564,Home,2020-08-17,2021-08-17,1777.38,Active
POL00565,CUST00565,PN00565,Home,2021-05-19,2022-05-19,1090.67,Active
POL00566,CUST00566,PN00566,Health,2020-04-12,2021-04-12,1476.12,Active
POL00567,CUST00567,PN00567,Auto,2022-03-21,2023-03-21,556.25,Active
POL00568,CUST00568,PN00568,Home,2022-04-26,2023-04-26,1162.5,Active
POL00569,CUST00569,PN00569,Auto,2020-03-29,2021-03-29,1770.27,Active
POL00570,CUST00570,PN00570,Health,2022-08-30,2023-08-30,604.48,Active
POL00571,CUST00571,PN00571,Home,2020-03-08,2021-03-08,409.19,Active
POL00572,CUST00572,PN00572,Life,2022-06-07,2023-06-07,1943.74,Active
POL00573,CUST00573,PN00573,Health,2020-11-28,2021-11-28,969.14,Active
POL00574,CUST00574,PN00574,Auto,2021-02-20,2022-02-20,1624.7,Active
POL00575,CUST00575,PN00575,Life,2021-04-16,2022-04-16,434.1,Active
POL00576,CUST00576,PN00576,Auto,2022-03-22,2023-03-22,1646.49,Active
POL00577,CUST00577,PN00577,Auto,2021-08-25,2022-08-25,1708.95,Active
POL00578,CUST00578,PN00578,Health,2020-07-02,2021-07-02,1743.55,Active
POL00579,CUST00579,PN00579,Health,2021-06-12,2022-06-12,1159.27,Active
POL00580,CUST00580,PN00580,Auto,2022-09-16,2023-09-16,1798.29,Active
POL00581,CUST00581,PN00581,Life,2022-03-08,2023-03-08,1469.55,Active
POL00582,CUST00582,PN00582,Life,2021-11-18,2022-11-18,516.56,Active
POL00583,CUST00583,PN00583,Auto,2020-01-04,2021-01-03,673.16,Active
POL00584,CUST00584,PN00584,Auto,2020-06-22,2021-06-22,730.74,Active
POL00585,CUST00585,PN00585,Health,2021-03-06,2022-03-06,950.92,Active
POL00586,CUST00586,PN00586,Home,2022-05-13,2023-05-13,1369.65,Active
POL00587,CUST00587,PN00587,Home,2021-10-15,2022-10-15,1344.23,Active
POL00588,CUST00588,PN00588,Life,2020-03-03,2021-03-03,369.17,Active
POL00589,CUST00589,PN00589,Auto,2021-05-13,2022-05-13,1610.48,Active
POL00590,CUST00590,PN00590,Home,2022-03-27,2023-03-27,1928.36,Active
POL00591,CUST00591,PN00591,Auto,2020-09-26,2021-09-26,819.86,Active
POL00592,CUST00592,PN00592,Home,2020-09-08,2021-09-08,1301.76,Active
POL00593,CUST00593,PN00593,Home,2020-12-03,2021-12-03,1637.37,Active
POL00594,CUST00594,PN00594,Life,2020-04-11,2021-04-11,800.58,Active
POL00595,CUST00595,PN00595,Home,2021-11-10,2022-11-10,1556.38,Active
POL00596,CUST00596,PN00596,Life,2022-05-19,2023-05-19,1781.31,Active
POL00597,CUST00597,PN00597,Auto,2021-07-15,2022-07-15,1447.41,Active
POL00598,CUST00598,PN00598,Home,2021-01-02,2022-01-02,1837.02,Active
POL00599,CUST00599,PN00599,Home,2020-02-28,2021-02-27,423.28,Active
POL00600,CUST00600,PN00600,Life,2022-07-06,2023-07-06,1396.47,Active
POL00601,CUST00601,PN00601,Health,2020-02-01,2021-01-31,700.15,Active
POL00602,CUST00602,PN00602,Auto,2022-02-03,2023-02-03,1158.2,Active
POL00603,CUST00603,PN00603,Home,2022-07-04,2023-07-04,897.98,Active
POL00604,CUST00604,PN00604,Home,2022-10-19,2023-10-19,565.49,Active
POL00605,CUST00605,PN00605,Home,2020-12-14,2021-12-14,1298.21,Active
POL00606,CUST00606,PN00606,Auto,2020-12-18,2021-12-18,1246.46,Active
POL00607,CUST00607,PN00607,Auto,2021-09-13,2022-09-13,1120.86,Active
POL00608,CUST00608,PN00608,Health,2022-11-13,2023-11-13,1242.22,Active
POL00609,CUST00609,PN00609,Health,2022-05-25,2023-05-25,829.36,Active
POL00610,CUST00610,PN00610,Auto,2020-02-28,2021-02-27,1674.83,Active
POL00611,CUST00611,PN00611,Health,2022-04-01,2023-04-01,1991.85,Active
POL00612,CUST00612,PN00612,Life,2022-07-21,2023-07-21,1810.62,Active
POL00613,CUST00613,PN00613,Home,2021-05-05,2022-05-05,910.18,Active
POL00614,CUST00614,PN00614,Health,2020-06-13,2021-06-13,1108.68,Active
POL00615,CUST00615,PN00615,Health,2020-02-23,2021-02-22,894.46,Active
POL00616,CUST00616,PN00616,Health,2020-10-22,2021-10-22,1548.87,Active
POL00617,CUST00617,PN00617,Health,2021-05-25,2022-05-25,379.19,Active
POL00618,CUST00618,PN00618,Auto,2020-06-13,2021-06-13,1855.42,Active
POL00619,CUST00619,PN00619,Auto,2021-10-13,2022-10-13,1311.93,Active
POL00620,CUST00620,PN00620,Health,2021-06-22,2022-06-22,1344.8,Active
POL00621,CUST00621,PN00621,Life,2021-10-02,2022-10-02,1309.96,Active
POL00622,CUST00622,PN00622,Home,2021-05-06,2022-05-06,396.57,Active
POL00623,CUST00623,PN00623,Home,2020-09-30,2021-09-30,538.07,Active
POL00624,CUST00624,PN00624,Life,2020-09-21,2021-09-21,724.76,Active
POL00625,CUST00625,PN00625,Health,2021-10-28,2022-10-28,603.21,Active
POL00626,CUST00626,PN00626,Life,2021-09-30,2022-09-30,363.09,Active
POL00627,CUST00627,PN00627,Home,2022-12-05,2023-12-05,911.83,Active
POL00628,CUST00628,PN00628,Home,2020-03-14,2021-03-14,1453.53,Active
POL00629,CUST00629,PN00629,Auto,2021-05-19,2022-05-19,952.59,Active
POL00630,CUST00630,PN00630,Life,2022-10-01,2023-10-01,1427.39,Active
POL00631,CUST00631,PN00631,Auto,2021-10-13,2022-10-13,1071.68,Active
POL00632,CUST00632,PN00632,Life,2021-01-09,2022-01-09,786.87,Active
POL00633,CUST00633,PN00633,Home,2020-10-25,2021-10-25,1924.39,Active
POL00634,CUST00634,PN00634,Home,2021-02-06,2022-02-06,1565.42,Active
POL00635,CUST00635,PN00635,Auto,2021-09-02,2022-09-02,780.32,Active
POL00636,CUST00636,PN00636,Health,2022-05-13,2023-05-13,1212.64,Active
POL00637,CUST00637,PN00637,Auto,2020-07-17,2021-07-17,1697.66,Active
POL00638,CUST00638,PN00638,Home,2022-03-24,2023-03-24,1531.5,Active
POL00639,CUST00639,PN00639,Life,2022-09-03,2023-09-03,1800.64,Active
POL00640,CUST00640,PN00640,Health,2020-11-24,2021-11-24,636.54,Active
POL00641,CUST00641,PN00641,Health,2022-12-11,2023-12-11,368.02,Active
POL00642,CUST00642,PN00642,Auto,2021-06-10,2022-06-10,1601.63,Active
POL00643,CUST00643,PN00643,Health,2020-07-29,2021-07-29,1948.9,Active
POL00644,CUST00644,PN00644,Auto,2022-03-13,2023-03-13,303.06,Active
POL00645,CUST00645,PN00645,Auto,2021-06-02,2022-06-02,1021.93,Active
POL00646,CUST00646,PN00646,Health,2022-10-12,2023-10-12,1389.72,Active
POL00647,CUST00647,PN00647,Home,2022-05-17,2023-05-17,1510.89,Active
POL00648,CUST00648,PN00648,Home,2022-09-30,2023-09-30,1179.92,Active
POL00649,CUST00649,PN00649,Auto,2021-05-02,2022-05-02,1895.74,Active
POL00650,CUST00650,PN00650,Health,2021-09-05,2022-09-05,1812.56,Active
POL00651,CUST00651,PN00651,Home,2021-02-10,2022-02-10,956.27,Active
POL00652,CUST00652,PN00652,Life,2020-11-07,2021-11-07,474.54,Active
POL00653,CUST00653,PN00653,Home,2022-01-16,2023-01-16,1210.66,Active
POL00654,CUST00654,PN00654,Auto,2022-05-28,2023-05-28,995.07,Active
POL00655,CUST00655,PN00655,Auto,2022-05-20,2023-05-20,1403.3,Active
POL00656,CUST00656,PN00656,Life,2021-08-26,2022-08-26,1637.87,Active
POL00657,CUST00657,PN00657,Auto,2022-10-10,2023-10-10,1323.16,Active
POL00658,CUST00658,PN00658,Life,2021-05-24,2022-05-24,593.25,Active
POL00659,CUST00659,PN00659,Auto,2020-04-30,2021-04-30,322.68,Active
POL00660,CUST00660,PN00660,Health,2020-05-24,2021-05-24,1954.21,Active
POL00661,CUST00661,PN00661,Health,2020-03-10,2021-03-10,1520.72,Active
POL00662,CUST00662,PN00662,Life,2021-02-28,2022-02-28,544.42,Active
POL00663,CUST00663,PN00663,Life,2021-04-10,2022-04-10,385.25,Active
POL00664,CUST00664,PN00664,Health,2020-10-17,2021-10-17,305.99,Active
POL00665,CUST00665,PN00665,Auto,2022-07-02,2023-07-02,1262.54,Active
POL00666,CUST00666,PN00666,Auto,2021-04-27,2022-04-27,631.05,Active
POL00667,CUST00667,PN00667,Life,2021-10-30,2022-10-30,1195.81,Active
POL00668,CUST00668,PN00668,Auto,2021-11-03,2022-11-03,728.76,Active
POL00669,CUST00669,PN00669,Home,2021-08-17,2022-08-17,1923.2,Active
POL00670,CUST00670,PN00670,Life,2022-09-20,2023-09-20,1949.74,Active
POL00671,CUST00671,PN00671,Life,2021-03-05,2022-03-05,369.36,Active
POL00672,CUST00672,PN00672,Health,2022-02-17,2023-02-17,1688.09,Active
POL00673,CUST00673,PN00673,Health,2022-11-22,2023-11-22,1304.38,Active
POL00674,CUST00674,PN00674,Auto,2020-07-16,2021-07-16,423.83,Active
POL00675,CUST00675,PN00675,Life,2020-01-21,2021-01-20,1715.35,Active
POL00676,CUST00676,PN00676,Life,2020-12-06,2021-12-06,1832.99,Active
POL00677,CUST00677,PN00677,Home,2022-08-07,2023-08-07,429.4,Active
POL00678,CUST00678,PN00678,Life,2022-10-03,2023-10-03,1316.86,Active
POL00679,CUST00679,PN00679,Auto,2020-06-27,2021-06-27,1008.31,Active
POL00680,CUST00680,PN00680,Home,2022-02-06,2023-02-06,700.55,Active
POL00681,CUST00681,PN00681,Home,2021-02-01,2022-02-01,1934.49,Active
POL00682,CUST00682,PN00682,Auto,2020-12-15,2021-12-15,1641.0,Active
POL00683,CUST00683,PN00683,Auto,2022-11-28,2023-11-28,926.26,Active
POL00684,CUST00684,PN00684,Life,2021-04-28,2022-04-28,1821.34,Active
POL00685,CUST00685,PN00685,Health,2020-01-18,2021-01-17,1943.41,Active
POL00686,CUST00686,PN00686,Home,2021-11-26,2022-11-26,1768.5,Active
POL00687,CUST00687,PN00687,Auto,2020-02-26,2021-02-25,1264.26,Active
POL00688,CUST00688,PN00688,Auto,2020-12-29,2021-12-29,1297.1,Active
POL00689,CUST00689,PN00689,Life,2021-12-16,2022-12-16,966.28,Active
POL00690,CUST00690,PN00690,Health,2021-06-07,2022-06-07,1853.13,Active
POL00691,CUST00691,PN00691,Health,2021-11-12,2022-11-12,969.77,Active
POL00692,CUST00692,PN00692,Life,2021-11-28,2022-11-28,1951.82,Active
POL00693,CUST00693,PN00693,Auto,2022-05-04,2023-05-04,593.01,Active
POL00694,CUST00694,PN00694,Auto,2021-04-16,2022-04-16,322.05,Active
POL00695,CUST00695,PN00695,Home,2020-10-23,2021-10-23,587.78,Active
POL00696,CUST00696,PN00696,Health,2020-03-10,2021-03-10,638.66,Active
POL00697,CUST00697,PN00697,Life,2021-10-30,2022-10-30,653.34,Active
POL00698,CUST00698,PN00698,Auto,2020-07-30,2021-07-30,1412.81,Active
POL00699,CUST00699,PN00699,Life,2021-11-25,2022-11-25,475.98,Active
POL00700,CUST00700,PN00700,Health,2020-06-04,2021-06-04,1284.3,Active
POL00701,CUST00701,PN00701,Health,2022-08-23,2023-08-23,1376.8,Active
POL00702,CUST00702,PN00702,Life,2021-01-13,2022-01-13,924.34,Active
POL00703,CUST00703,PN00703,Life,2021-03-31,2022-03-31,1315.34,Active
POL00704,CUST00704,PN00704,Home,2021-09-24,2022-09-24,1160.29,Active
POL00705,CUST00705,PN00705,Health,2022-08-07,2023-08-07,1797.5,Active
POL00706,CUST00706,PN00706,Auto,2020-04-09,2021-04-09,1838.31,Active
POL00707,CUST00707,PN00707,Health,2022-10-29,2023-10-29,1753.89,Active
POL00708,CUST00708,PN00708,Auto,2022-04-26,2023-04-26,1863.93,Active
POL00709,CUST00709,PN00709,Health,2022-10-12,2023-10-12,1639.89,Active
POL00710,CUST00710,PN00710,Auto,2022-05-05,2023-05-05,1216.25,Active
POL00711,CUST00711,PN00711,Home,2021-11-27,2022-11-27,841.57,Active
POL00712,CUST00712,PN00712,Home,2022-09-01,2023-09-01,532.96,Active
POL00713,CUST00713,PN00713,Health,2022-01-14,2023-01-14,1997.0,Active
POL00714,CUST00714,PN00714,Home,2021-07-22,2022-07-22,805.45,Active
POL00715,CUST00715,PN00715,Auto,2021-08-02,2022-08-02,1078.63,Active
POL00716,CUST00716,PN00716,Auto,2022-07-31,2023-07-31,657.75,Active
POL00717,CUST00717,PN00717,Life,2022-10-06,2023-10-06,869.86,Active
POL00718,CUST00718,PN00718,Home,2021-12-24,2022-12-24,862.81,Active
POL00719,CUST00719,PN00719,Life,2021-06-25,2022-06-25,1925.62,Active
POL00720,CUST00720,PN00720,Health,2020-01-13,2021-01-12,1614.16,Active
POL00721,CUST00721,PN00721,Health,2021-12-30,2022-12-30,1800.18,Active
POL00722,CUST00722,PN00722,Home,2020-11-23,2021-11-23,1357.42,Active
POL00723,CUST00723,PN00723,Life,2022-06-22,2023-06-22,667.64,Active
POL00724,CUST00724,PN00724,Home,2022-03-05,2023-03-05,1796.17,Active
POL00725,CUST00725,PN00725,Health,2021-07-17,2022-07-17,1802.66,Active
POL00726,CUST00726,PN00726,Auto,2020-04-21,2021-04-21,1206.22,Active
POL00727,CUST00727,PN00727,Auto,2022-08-23,2023-08-23,344.17,Active
POL00728,CUST00728,PN00728,Auto,2020-03-10,2021-03-10,1765.24,Active
POL00729,CUST00729,PN00729,Home,2022-07-18,2023-07-18,1114.69,Active
POL00730,CUST00730,PN00730,Health,2020-04-04,2021-04-04,577.1,Active
POL00731,CUST00731,PN00731,Life,2022-10-28,2023-10-28,876.75,Active
POL00732,CUST00732,PN00732,Home,2022-01-19,2023-01-19,1192.13,Active
POL00733,CUST00733,PN00733,Home,2020-05-19,2021-05-19,953.92,Active
POL00734,CUST00734,PN00734,Home,2022-02-17,2023-02-17,549.13,Active
POL00735,CUST00735,PN00735,Home,2022-04-26,2023-04-26,1543.5,Active
POL00736,CUST00736,PN00736,Life,2022-06-26,2023-06-26,811.25,Active
POL00737,CUST00737,PN00737,Life,2021-08-05,2022-08-05,815.35,Active
POL00738,CUST00738,PN00738,Life,2020-07-26,2021-07-26,1153.61,Active
POL00739,CUST00739,PN00739,Life,2020-09-19,2021-09-19,1894.25,Active
POL00740,CUST00740,PN00740,Auto,2022-05-15,2023-05-15,1188.48,Active
POL00741,CUST00741,PN00741,Life,2022-08-22,2023-08-22,666.21,Active
POL00742,CUST00742,PN00742,Health,2022-07-03,2023-07-03,359.46,Active
POL00743,CUST00743,PN00743,Health,2021-05-31,2022-05-31,1779.3,Active
POL00744,CUST00744,PN00744,Home,2022-05-11,2023-05-11,889.8,Active
POL00745,CUST00745,PN00745,Life,2021-06-03,2022-06-03,1380.52,Active
POL00746,CUST00746,PN00746,Health,2022-10-10,2023-10-10,1430.66,Active
POL00747,CUST00747,PN00747,Life,2020-04-18,2021-04-18,1964.01,Active
POL00748,CUST00748,PN00748,Auto,2022-10-06,2023-10-06,554.78,Active
POL00749,CUST00749,PN00749,Life,2021-02-12,2022-02-12,681.27,Active
POL00750,CUST00750,PN00750,Auto,2020-03-17,2021-03-17,527.47,Active
POL00751,CUST00751,PN00751,Life,2021-07-02,2022-07-02,1837.65,Active
POL00752,CUST00752,PN00752,Health,2020-05-12,2021-05-12,1130.21,Active
POL00753,CUST00753,PN00753,Life,2022-11-15,2023-11-15,757.84,Active
POL00754,CUST00754,PN00754,Auto,2022-02-06,2023-02-06,1727.07,Active
POL00755,CUST00755,PN00755,Health,2021-03-18,2022-03-18,1123.76,Active
POL00756,CUST00756,PN00756,Home,2020-07-06,2021-07-06,905.13,Active
POL00757,CUST00757,PN00757,Health,2020-04-06,2021-04-06,1370.29,Active
POL00758,CUST00758,PN00758,Life,2021-03-01,2022-03-01,667.45,Active
POL00759,CUST00759,PN00759,Auto,2020-10-08,2021-10-08,678.56,Active
POL00760,CUST00760,PN00760,Life,2021-05-01,2022-05-01,1787.51,Active
POL00761,CUST00761,PN00761,Life,2021-06-14,2022-06-14,942.08,Active
POL00762,CUST00762,PN00762,Life,2020-04-16,2021-04-16,1540.32,Active
POL00763,CUST00763,PN00763,Auto,2021-05-14,2022-05-14,1316.61,Active
POL00764,CUST00764,PN00764,Health,2022-08-07,2023-08-07,1601.91,Active
POL00765,CUST00765,PN00765,Home,2020-07-22,2021-07-22,1357.14,Active
POL00766,CUST00766,PN00766,Auto,2022-08-25,2023-08-25,555.71,Active
POL00767,CUST00767,PN00767,Life,2022-06-15,2023-06-15,535.64,Active
POL00768,CUST00768,PN00768,Life,2021-06-04,2022-06-04,460.73,Active
POL00769,CUST00769,PN00769,Home,2021-10-29,2022-10-29,1561.37,Active
POL00770,CUST00770,PN00770,Health,2020-03-21,2021-03-21,581.04,Active
POL00771,CUST00771,PN00771,Health,2020-01-07,2021-01-06,1029.42,Active
POL00772,CUST00772,PN00772,Home,2020-05-24,2021-05-24,1714.92,Active
POL00773,CUST00773,PN00773,Auto,2022-10-13,2023-10-13,1354.58,Active
POL00774,CUST00774,PN00774,Health,2020-07-30,2021-07-30,1827.55,Active
POL00775,CUST00775,PN00775,Life,2022-09-02,2023-09-02,806.88,Active
POL00776,CUST00776,PN00776,Auto,2021-09-14,2022-09-14,616.66,Active
POL00777,CUST00777,PN00777,Life,2020-12-16,2021-12-16,622.5,Active
POL00778,CUST00778,PN00778,Home,2022-06-30,2023-06-30,615.53,Active
POL00779,CUST00779,PN00779,Home,2022-02-12,2023-02-12,940.16,Active
POL00780,CUST00780,PN00780,Life,2021-04-19,2022-04-19,1683.43,Active
POL00781,CUST00781,PN00781,Life,2022-09-01,2023-09-01,1048.16,Active
POL00782,CUST00782,PN00782,Home,2021-08-01,2022-08-01,616.71,Active
POL00783,CUST00783,PN00783,Auto,2022-12-03,2023-12-03,1473.26,Active
POL00784,CUST00784,PN00784,Life,2021-09-22,2022-09-22,1006.26,Active
POL00785,CUST00785,PN00785,Home,2020-06-09,2021-06-09,1125.36,Active
POL00786,CUST00786,PN00786,Health,2022-11-21,2023-11-21,1409.6,Active
POL00787,CUST00787,PN00787,Health,2021-03-08,2022-03-08,1334.37,Active
POL00788,CUST00788,PN00788,Life,2020-04-28,2021-04-28,1996.05,Active
POL00789,CUST00789,PN00789,Health,2021-09-12,2022-09-12,527.55,Active
POL00790,CUST00790,PN00790,Auto,2020-05-09,2021-05-09,455.54,Active
POL00791,CUST00791,PN00791,Auto,2020-01-07,2021-01-06,1440.34,Active
POL00792,CUST00792,PN00792,Health,2022-12-25,2023-12-25,1132.32,Active
POL00793,CUST00793,PN00793,Home,2021-06-22,2022-06-22,1040.25,Active
POL00794,CUST00794,PN00794,Life,2022-04-17,2023-04-17,1930.74,Active
POL00795,CUST00795,PN00795,Auto,2020-02-24,2021-02-23,870.38,Active
POL00796,CUST00796,PN00796,Auto,2020-08-20,2021-08-20,1050.39,Active
POL00797,CUST00797,PN00797,Life,2021-09-02,2022-09-02,1093.1,Active
POL00798,CUST00798,PN00798,Life,2021-07-20,2022-07-20,1042.23,Active
POL00799,CUST00799,PN00799,Life,2021-03-18,2022-03-18,1020.3,Active
POL00800,CUST00800,PN00800,Home,2020-09-23,2021-09-23,1335.17,Active
POL00801,CUST00801,PN00801,Auto,2022-03-25,2023-03-25,325.33,Active
POL00802,CUST00802,PN00802,Home,2020-12-25,2021-12-25,406.64,Active
POL00803,CUST00803,PN00803,Health,2022-05-07,2023-05-07,1749.23,Active
POL00804,CUST00804,PN00804,Home,2021-10-05,2022-10-05,774.38,Active
POL00805,CUST00805,PN00805,Auto,2020-04-01,2021-04-01,712.81,Active
POL00806,CUST00806,PN00806,Life,2020-02-02,2021-02-01,1188.95,Active
POL00807,CUST00807,PN00807,Health,2021-04-26,2022-04-26,1628.56,Active
POL00808,CUST00808,PN00808,Home,2021-06-09,2022-06-09,1849.42,Active
POL00809,CUST00809,PN00809,Health,2020-09-24,2021-09-24,871.35,Active
POL00810,CUST00810,PN00810,Life,2022-06-20,2023-06-20,709.93,Active
POL00811,CUST00811,PN00811,Health,2022-06-14,2023-06-14,477.86,Active
POL00812,CUST00812,PN00812,Life,2021-09-12,2022-09-12,533.72,Active
POL00813,CUST00813,PN00813,Life,2022-09-24,2023-09-24,866.08,Active
POL00814,CUST00814,PN00814,Health,2020-09-19,2021-09-19,1222.77,Active
POL00815,CUST00815,PN00815,Life,2021-05-31,2022-05-31,1048.74,Active
POL00816,CUST00816,PN00816,Auto,2022-05-31,2023-05-31,1533.53,Active
POL00817,CUST00817,PN00817,Auto,2022-11-08,2023-11-08,1872.0,Active
POL00818,CUST00818,PN00818,Home,2022-03-18,2023-03-18,1350.31,Active
POL00819,CUST00819,PN00819,Auto,2021-04-25,2022-04-25,326.66,Active
POL00820,CUST00820,PN00820,Auto,2020-01-09,2021-01-08,927.25,Active
POL00821,CUST00821,PN00821,Home,2020-03-02,2021-03-02,1512.01,Active
POL00822,CUST00822,PN00822,Auto,2020-04-26,2021-04-26,642.99,Active
POL00823,CUST00823,PN00823,Health,2020-03-10,2021-03-10,843.5,Active
POL00824,CUST00824,PN00824,Health,2020-10-07,2021-10-07,390.08,Active
POL00825,CUST00825,PN00825,Life,2020-03-05,2021-03-05,929.07,Active
POL00826,CUST00826,PN00826,Health,2020-04-13,2021-04-13,446.7,Active
POL00827,CUST00827,PN00827,Life,2022-08-06,2023-08-06,1423.49,Active
POL00828,CUST00828,PN00828,Home,2020-03-10,2021-03-10,1145.28,Active
POL00829,CUST00829,PN00829,Health,2020-02-07,2021-02-06,396.6,Active
POL00830,CUST00830,PN00830,Home,2020-06-15,2021-06-15,373.01,Active
POL00831,CUST00831,PN00831,Health,2020-10-27,2021-10-27,1391.82,Active
POL00832,CUST00832,PN00832,Auto,2020-06-04,2021-06-04,444.53,Active
POL00833,CUST00833,PN00833,Life,2021-04-10,2022-04-10,1480.34,Active
POL00834,CUST00834,PN00834,Auto,2022-03-03,2023-03-03,827.02,Active
POL00835,CUST00835,PN00835,Life,2021-05-11,2022-05-11,740.0,Active
POL00836,CUST00836,PN00836,Life,2022-05-05,2023-05-05,1502.57,Active
POL00837,CUST00837,PN00837,Life,2020-04-14,2021-04-14,304.9,Active
POL00838,CUST00838,PN00838,Auto,2021-05-21,2022-05-21,1648.93,Active
POL00839,CUST00839,PN00839,Life,2022-11-23,2023-11-23,477.77,Active
POL00840,CUST00840,PN00840,Home,2022-09-07,2023-09-07,639.03,Active
POL00841,CUST00841,PN00841,Life,2021-07-23,2022-07-23,1829.34,Active
POL00842,CUST00842,PN00842,Home,2022-03-03,2023-03-03,1096.87,Active
POL00843,CUST00843,PN00843,Health,2021-09-22,2022-09-22,1724.33,Active
POL00844,CUST00844,PN00844,Auto,2022-05-20,2023-05-20,424.7,Active
POL00845,CUST00845,PN00845,Home,2020-09-03,2021-09-03,1731.67,Active
POL00846,CUST00846,PN00846,Life,2022-11-12,2023-11-12,1346.01,Active
POL00847,CUST00847,PN00847,Life,2022-03-04,2023-03-04,1077.44,Active
POL00848,CUST00848,PN00848,Health,2022-04-22,2023-04-22,907.6,Active
POL00849,CUST00849,PN00849,Auto,2021-04-05,2022-04-05,1239.7,Active
POL00850,CUST00850,PN00850,Home,2020-05-14,2021-05-14,431.28,Active
POL00851,CUST00851,PN00851,Auto,2022-07-19,2023-07-19,1143.98,Active
POL00852,CUST00852,PN00852,Life,2022-09-28,2023-09-28,1952.96,Active
POL00853,CUST00853,PN00853,Auto,2021-10-20,2022-10-20,1220.71,Active
POL00854,CUST00854,PN00854,Life,2021-10-09,2022-10-09,741.27,Active
POL00855,CUST00855,PN00855,Home,2022-11-15,2023-11-15,859.77,Active
POL00856,CUST00856,PN00856,Life,2022-11-28,2023-11-28,1286.88,Active
POL00857,CUST00857,PN00857,Auto,2021-03-09,2022-03-09,500.73,Active
POL00858,CUST00858,PN00858,Auto,2022-11-10,2023-11-10,561.52,Active
POL00859,CUST00859,PN00859,Home,2022-03-16,2023-03-16,1187.25,Active
POL00860,CUST00860,PN00860,Auto,2020-03-29,2021-03-29,1033.89,Active
POL00861,CUST00861,PN00861,Life,2022-04-19,2023-04-19,1285.86,Active
POL00862,CUST00862,PN00862,Auto,2021-08-24,2022-08-24,883.79,Active
POL00863,CUST00863,PN00863,Home,2020-03-03,2021-03-03,1556.93,Active
POL00864,CUST00864,PN00864,Life,2020-04-22,2021-04-22,1434.32,Active
POL00865,CUST00865,PN00865,Home,2022-08-08,2023-08-08,1501.36,Active
POL00866,CUST00866,PN00866,Life,2020-05-17,2021-05-17,1487.66,Active
POL00867,CUST00867,PN00867,Life,2020-11-02,2021-11-02,1458.3,Active
POL00868,CUST00868,PN00868,Auto,2020-07-11,2021-07-11,1893.99,Active
POL00869,CUST00869,PN00869,Home,2020-09-05,2021-09-05,1725.24,Active
POL00870,CUST00870,PN00870,Auto,2022-12-22,2023-12-22,794.81,Active
POL00871,CUST00871,PN00871,Life,2020-01-10,2021-01-09,710.23,Active
POL00872,CUST00872,PN00872,Auto,2022-01-25,2023-01-25,496.79,Active
POL00873,CUST00873,PN00873,Life,2022-06-26,2023-06-26,778.12,Active
POL00874,CUST00874,PN00874,Auto,2020-10-28,2021-10-28,757.04,Active
POL00875,CUST00875,PN00875,Life,2022-02-12,2023-02-12,877.04,Active
POL00876,CUST00876,PN00876,Health,2020-03-02,2021-03-02,1711.69,Active
POL00877,CUST00877,PN00877,Health,2022-06-25,2023-06-25,974.79,Active
POL00878,CUST00878,PN00878,Life,2022-10-28,2023-10-28,594.69,Active
POL00879,CUST00879,PN00879,Auto,2022-10-26,2023-10-26,1454.39,Active
POL00880,CUST00880,PN00880,Auto,2020-08-06,2021-08-06,924.23,Active
POL00881,CUST00881,PN00881,Health,2020-06-02,2021-06-02,648.7,Active
POL00882,CUST00882,PN00882,Auto,2020-03-12,2021-03-12,905.72,Active
POL00883,CUST00883,PN00883,Auto,2021-10-18,2022-10-18,786.46,Active
POL00884,CUST00884,PN00884,Auto,2020-05-29,2021-05-29,786.73,Active
POL00885,CUST00885,PN00885,Life,2021-06-09,2022-06-09,909.22,Active
POL00886,CUST00886,PN00886,Life,2021-04-27,2022-04-27,938.2,Active
POL00887,CUST00887,PN00887,Life,2020-08-10,2021-08-10,1719.12,Active
POL00888,CUST00888,PN00888,Home,2022-05-06,2023-05-06,1245.87,Active
POL00889,CUST00889,PN00889,Home,2020-02-03,2021-02-02,1349.36,Active
POL00890,CUST00890,PN00890,Health,2020-06-24,2021-06-24,927.52,Active
POL00891,CUST00891,PN00891,Home,2020-02-10,2021-02-09,956.59,Active
POL00892,CUST00892,PN00892,Home,2020-07-10,2021-07-10,1224.36,Active
POL00893,CUST00893,PN00893,Health,2021-11-20,2022-11-20,1494.5,Active
POL00894,CUST00894,PN00894,Health,2020-05-04,2021-05-04,1238.26,Active
POL00895,CUST00895,PN00895,Auto,2021-06-11,2022-06-11,652.83,Active
POL00896,CUST00896,PN00896,Home,2020-01-13,2021-01-12,381.58,Active
POL00897,CUST00897,PN00897,Health,2021-08-15,2022-08-15,709.54,Active
POL00898,CUST00898,PN00898,Life,2021-09-14,2022-09-14,1320.1,Active
POL00899,CUST00899,PN00899,Health,2021-08-25,2022-08-25,981.11,Active
POL00900,CUST00900,PN00900,Auto,2020-12-15,2021-12-15,1474.64,Active
POL00901,CUST00901,PN00901,Auto,2022-02-04,2023-02-04,363.78,Active
POL00902,CUST00902,PN00902,Life,2022-04-20,2023-04-20,1976.53,Active
POL00903,CUST00903,PN00903,Life,2022-08-25,2023-08-25,1512.33,Active
POL00904,CUST00904,PN00904,Life,2021-11-14,2022-11-14,823.4,Active
POL00905,CUST00905,PN00905,Home,2021-12-24,2022-12-24,1569.97,Active
POL00906,CUST00906,PN00906,Auto,2021-12-11,2022-12-11,1568.53,Active
POL00907,CUST00907,PN00907,Home,2020-02-16,2021-02-15,1828.79,Active
POL00908,CUST00908,PN00908,Life,2022-03-17,2023-03-17,853.45,Active
POL00909,CUST00909,PN00909,Home,2020-02-06,2021-02-05,1110.14,Active
POL00910,CUST00910,PN00910,Home,2022-02-14,2023-02-14,326.72,Active
POL00911,CUST00911,PN00911,Health,2020-11-22,2021-11-22,1253.92,Active
POL00912,CUST00912,PN00912,Health,2022-10-02,2023-10-02,1556.97,Active
POL00913,CUST00913,PN00913,Auto,2022-10-13,2023-10-13,543.55,Active
POL00914,CUST00914,PN00914,Life,2022-01-20,2023-01-20,1601.73,Active
POL00915,CUST00915,PN00915,Health,2022-10-09,2023-10-09,380.3,Active
POL00916,CUST00916,PN00916,Home,2021-11-13,2022-11-13,413.55,Active
POL00917,CUST00917,PN00917,Home,2020-08-24,2021-08-24,882.34,Active
POL00918,CUST00918,PN00918,Home,2022-08-11,2023-08-11,361.26,Active
POL00919,CUST00919,PN00919,Health,2020-07-02,2021-07-02,1217.28,Active
POL00920,CUST00920,PN00920,Auto,2020-10-23,2021-10-23,1734.43,Active
POL00921,CUST00921,PN00921,Home,2022-04-01,2023-04-01,1068.8,Active
POL00922,CUST00922,PN00922,Auto,2020-01-24,2021-01-23,983.59,Active
POL00923,CUST00923,PN00923,Life,2020-05-04,2021-05-04,861.41,Active
POL00924,CUST00924,PN00924,Home,2022-03-14,2023-03-14,1791.44,Active
POL00925,CUST00925,PN00925,Health,2022-06-22,2023-06-22,922.02,Active
POL00926,CUST00926,PN00926,Home,2022-05-05,2023-05-05,388.26,Active
POL00927,CUST00927,PN00927,Home,2021-03-30,2022-03-30,1644.99,Active
POL00928,CUST00928,PN00928,Auto,2022-07-01,2023-07-01,763.72,Active
POL00929,CUST00929,PN00929,Life,2022-06-02,2023-06-02,1997.61,Active
POL00930,CUST00930,PN00930,Auto,2021-12-10,2022-12-10,1616.75,Active
POL00931,CUST00931,PN00931,Auto,2021-12-22,2022-12-22,687.6,Active
POL00932,CUST00932,PN00932,Auto,2021-11-01,2022-11-01,1384.16,Active
POL00933,CUST00933,PN00933,Auto,2020-05-11,2021-05-11,791.25,Active
POL00934,CUST00934,PN00934,Health,2022-05-08,2023-05-08,707.18,Active
POL00935,CUST00935,PN00935,Home,2021-09-11,2022-09-11,912.48,Active
POL00936,CUST00936,PN00936,Health,2021-07-24,2022-07-24,1287.1,Active
POL00937,CUST00937,PN00937,Health,2021-05-24,2022-05-24,1215.31,Active
POL00938,CUST00938,PN00938,Auto,2020-05-05,2021-05-05,581.33,Active
POL00939,CUST00939,PN00939,Home,2022-07-10,2023-07-10,1484.54,Active
POL00940,CUST00940,PN00940,Auto,2021-11-11,2022-11-11,780.81,Active
POL00941,CUST00941,PN00941,Life,2020-04-03,2021-04-03,1987.67,Active
POL00942,CUST00942,PN00942,Health,2020-05-05,2021-05-05,439.68,Active
POL00943,CUST00943,PN00943,Auto,2022-10-16,2023-10-16,1251.73,Active
POL00944,CUST00944,PN00944,Life,2020-02-29,2021-02-28,836.99,Active
POL00945,CUST00945,PN00945,Life,2022-07-25,2023-07-25,1907.88,Active
POL00946,CUST00946,PN00946,Health,2022-11-25,2023-11-25,1620.79,Active
POL00947,CUST00947,PN00947,Life,2020-05-28,2021-05-28,400.13,Active
POL00948,CUST00948,PN00948,Health,2022-01-26,2023-01-26,579.11,Active
POL00949,CUST00949,PN00949,Home,2020-06-03,2021-06-03,873.48,Active
POL00950,CUST00950,PN00950,Health,2020-03-28,2021-03-28,1239.52,Active
POL00951,CUST00951,PN00951,Home,2022-08-13,2023-08-13,1997.41,Active
POL00952,CUST00952,PN00952,Health,2022-07-11,2023-07-11,1268.61,Active
POL00953,CUST00953,PN00953,Home,2021-05-25,2022-05-25,1385.01,Active
POL00954,CUST00954,PN00954,Health,2021-06-09,2022-06-09,1613.13,Active
POL00955,CUST00955,PN00955,Health,2022-05-10,2023-05-10,1610.45,Active
POL00956,CUST00956,PN00956,Auto,2021-04-30,2022-04-30,640.3,Active
POL00957,CUST00957,PN00957,Health,2020-08-29,2021-08-29,1436.16,Active
POL00958,CUST00958,PN00958,Auto,2022-02-24,2023-02-24,1836.41,Active
POL00959,CUST00959,PN00959,Home,2022-03-13,2023-03-13,846.21,Active
POL00960,CUST00960,PN00960,Auto,2021-09-16,2022-09-16,866.41,Active
POL00961,CUST00961,PN00961,Auto,2020-10-07,2021-10-07,1877.21,Active
POL00962,CUST00962,PN00962,Auto,2022-04-30,2023-04-30,1577.59,Active
POL00963,CUST00963,PN00963,Life,2020-04-17,2021-04-17,1020.35,Active
POL00964,CUST00964,PN00964,Home,2022-07-19,2023-07-19,1375.7,Active
POL00965,CUST00965,PN00965,Auto,2020-10-27,2021-10-27,1020.29,Active
POL00966,CUST00966,PN00966,Health,2020-12-10,2021-12-10,1013.6,Active
POL00967,CUST00967,PN00967,Health,2022-12-19,2023-12-19,1574.58,Active
POL00968,CUST00968,PN00968,Auto,2022-01-12,2023-01-12,1978.3,Active
POL00969,CUST00969,PN00969,Life,2020-03-25,2021-03-25,509.14,Active
POL00970,CUST00970,PN00970,Life,2021-07-20,2022-07-20,527.83,Active
POL00971,CUST00971,PN00971,Health,2020-04-27,2021-04-27,1295.12,Active
POL00972,CUST00972,PN00972,Health,2020-04-07,2021-04-07,535.85,Active
POL00973,CUST00973,PN00973,Auto,2022-12-20,2023-12-20,547.77,Active
POL00974,CUST00974,PN00974,Health,2022-10-09,2023-10-09,816.77,Active
POL00975,CUST00975,PN00975,Health,2020-07-31,2021-07-31,1048.56,Active
POL00976,CUST00976,PN00976,Health,2022-05-12,2023-05-12,1816.28,Active
POL00977,CUST00977,PN00977,Health,2022-05-29,2023-05-29,760.55,Active
POL00978,CUST00978,PN00978,Home,2022-07-02,2023-07-02,376.87,Active
POL00979,CUST00979,PN00979,Health,2020-04-14,2021-04-14,1453.94,Active
POL00980,CUST00980,PN00980,Home,2022-09-18,2023-09-18,369.89,Active
POL00981,CUST00981,PN00981,Home,2022-10-28,2023-10-28,697.06,Active
POL00982,CUST00982,PN00982,Health,2021-10-10,2022-10-10,440.47,Active
POL00983,CUST00983,PN00983,Life,2020-10-16,2021-10-16,1475.08,Active
POL00984,CUST00984,PN00984,Auto,2020-12-30,2021-12-30,948.37,Active
POL00985,CUST00985,PN00985,Health,2021-11-14,2022-11-14,1660.2,Active
POL00986,CUST00986,PN00986,Home,2021-10-29,2022-10-29,558.53,Active
POL00987,CUST00987,PN00987,Auto,2022-11-26,2023-11-26,1749.6,Active
POL00988,CUST00988,PN00988,Health,2021-02-05,2022-02-05,446.28,Active
POL00989,CUST00989,PN00989,Health,2022-05-27,2023-05-27,1797.82,Active
POL00990,CUST00990,PN00990,Life,2020-12-26,2021-12-26,516.77,Active
POL00991,CUST00991,PN00991,Life,2020-05-19,2021-05-19,1587.5,Active
POL00992,CUST00992,PN00992,Health,2021-12-16,2022-12-16,1964.75,Active
POL00993,CUST00993,PN00993,Life,2022-07-30,2023-07-30,1614.07,Active
POL00994,CUST00994,PN00994,Home,2020-03-09,2021-03-09,1776.24,Active
POL00995,CUST00995,PN00995,Auto,2022-02-16,2023-02-16,506.65,Active
POL00996,CUST00996,PN00996,Auto,2022-11-02,2023-11-02,569.62,Active
POL00997,CUST00997,PN00997,Life,2022-04-22,2023-04-22,979.58,Active
POL00998,CUST00998,PN00998,Home,2022-02-12,2023-02-12,1304.66,Active
POL00999,CUST00999,PN00999,Home,2022-01-15,2023-01-15,1585.26,Active
POL01000,CUST01000,PN01000,Auto,2020-07-30,2021-07-30,1437.8,Active
